,n_rep,num_qubits,n_gadgets,method,h,s,cx
0,0,127,1,ours,0,0,1
1,0,127,1,qiskit transpile,0,0,1
2,0,127,1,Bravyi et al. (qiskit),0,0,1
3,0,127,1,Ewout van den Berg (stim),2,0,1
4,1,127,1,ours,0,1,0
5,1,127,1,qiskit transpile,0,1,0
6,1,127,1,Bravyi et al. (qiskit),0,1,0
7,1,127,1,Ewout van den Berg (stim),2,1,0
8,2,127,1,ours,0,1,0
9,2,127,1,qiskit transpile,0,1,0
10,2,127,1,Bravyi et al. (qiskit),0,1,0
11,2,127,1,Ewout van den Berg (stim),2,1,0
12,3,127,1,ours,0,0,1
13,3,127,1,qiskit transpile,0,0,1
14,3,127,1,Bravyi et al. (qiskit),0,0,1
15,3,127,1,Ewout van den Berg (stim),2,0,1
16,4,127,1,ours,0,1,0
17,4,127,1,qiskit transpile,0,1,0
18,4,127,1,Bravyi et al. (qiskit),0,1,0
19,4,127,1,Ewout van den Berg (stim),2,1,0
20,5,127,1,ours,0,0,1
21,5,127,1,qiskit transpile,0,0,1
22,5,127,1,Bravyi et al. (qiskit),0,0,1
23,5,127,1,Ewout van den Berg (stim),2,0,1
24,6,127,1,ours,0,1,0
25,6,127,1,qiskit transpile,0,1,0
26,6,127,1,Bravyi et al. (qiskit),0,1,0
27,6,127,1,Ewout van den Berg (stim),2,1,0
28,7,127,1,ours,0,1,0
29,7,127,1,qiskit transpile,0,1,0
30,7,127,1,Bravyi et al. (qiskit),0,1,0
31,7,127,1,Ewout van den Berg (stim),2,1,0
32,8,127,1,ours,0,0,1
33,8,127,1,qiskit transpile,0,0,1
34,8,127,1,Bravyi et al. (qiskit),0,0,1
35,8,127,1,Ewout van den Berg (stim),2,0,1
36,9,127,1,ours,1,0,0
37,9,127,1,qiskit transpile,1,0,0
38,9,127,1,Bravyi et al. (qiskit),1,0,0
39,9,127,1,Ewout van den Berg (stim),3,0,0
40,10,127,1,ours,0,0,1
41,10,127,1,qiskit transpile,0,0,1
42,10,127,1,Bravyi et al. (qiskit),0,0,1
43,10,127,1,Ewout van den Berg (stim),2,0,1
44,11,127,1,ours,0,0,1
45,11,127,1,qiskit transpile,0,0,1
46,11,127,1,Bravyi et al. (qiskit),0,0,1
47,11,127,1,Ewout van den Berg (stim),2,0,1
48,12,127,1,ours,0,1,0
49,12,127,1,qiskit transpile,0,1,0
50,12,127,1,Bravyi et al. (qiskit),0,1,0
51,12,127,1,Ewout van den Berg (stim),2,1,0
52,13,127,1,ours,0,1,0
53,13,127,1,qiskit transpile,0,1,0
54,13,127,1,Bravyi et al. (qiskit),0,1,0
55,13,127,1,Ewout van den Berg (stim),2,1,0
56,14,127,1,ours,1,0,0
57,14,127,1,qiskit transpile,1,0,0
58,14,127,1,Bravyi et al. (qiskit),1,0,0
59,14,127,1,Ewout van den Berg (stim),3,0,0
60,15,127,1,ours,0,0,1
61,15,127,1,qiskit transpile,0,0,1
62,15,127,1,Bravyi et al. (qiskit),0,0,1
63,15,127,1,Ewout van den Berg (stim),2,0,1
64,16,127,1,ours,0,1,0
65,16,127,1,qiskit transpile,0,1,0
66,16,127,1,Bravyi et al. (qiskit),0,1,0
67,16,127,1,Ewout van den Berg (stim),2,1,0
68,17,127,1,ours,0,1,0
69,17,127,1,qiskit transpile,0,1,0
70,17,127,1,Bravyi et al. (qiskit),0,1,0
71,17,127,1,Ewout van den Berg (stim),2,1,0
72,18,127,1,ours,1,0,0
73,18,127,1,qiskit transpile,1,0,0
74,18,127,1,Bravyi et al. (qiskit),1,0,0
75,18,127,1,Ewout van den Berg (stim),3,0,0
76,19,127,1,ours,0,0,1
77,19,127,1,qiskit transpile,0,0,1
78,19,127,1,Bravyi et al. (qiskit),0,0,1
79,19,127,1,Ewout van den Berg (stim),2,0,1
80,0,127,401,ours,669,598,1211
81,0,127,401,qiskit transpile,115,133,153
82,0,127,401,Bravyi et al. (qiskit),257,269,253
83,0,127,401,Ewout van den Berg (stim),357,254,434
84,1,127,401,ours,576,488,971
85,1,127,401,qiskit transpile,122,142,137
86,1,127,401,Bravyi et al. (qiskit),222,242,259
87,1,127,401,Ewout van den Berg (stim),348,259,415
88,2,127,401,ours,668,516,1117
89,2,127,401,qiskit transpile,142,142,117
90,2,127,401,Bravyi et al. (qiskit),214,211,194
91,2,127,401,Ewout van den Berg (stim),279,233,286
92,3,127,401,ours,500,489,907
93,3,127,401,qiskit transpile,125,151,123
94,3,127,401,Bravyi et al. (qiskit),188,216,189
95,3,127,401,Ewout van den Berg (stim),267,224,278
96,4,127,401,ours,681,549,1146
97,4,127,401,qiskit transpile,123,133,145
98,4,127,401,Bravyi et al. (qiskit),285,249,272
99,4,127,401,Ewout van den Berg (stim),407,243,452
100,5,127,401,ours,490,418,765
101,5,127,401,qiskit transpile,133,128,140
102,5,127,401,Bravyi et al. (qiskit),213,214,227
103,5,127,401,Ewout van den Berg (stim),312,228,363
104,6,127,401,ours,582,449,990
105,6,127,401,qiskit transpile,125,139,137
106,6,127,401,Bravyi et al. (qiskit),209,208,219
107,6,127,401,Ewout van den Berg (stim),289,207,322
108,7,127,401,ours,557,469,1011
109,7,127,401,qiskit transpile,125,145,131
110,7,127,401,Bravyi et al. (qiskit),218,250,241
111,7,127,401,Ewout van den Berg (stim),317,220,419
112,8,127,401,ours,485,451,767
113,8,127,401,qiskit transpile,142,143,116
114,8,127,401,Bravyi et al. (qiskit),208,237,163
115,8,127,401,Ewout van den Berg (stim),242,221,216
116,9,127,401,ours,536,468,863
117,9,127,401,qiskit transpile,126,147,128
118,9,127,401,Bravyi et al. (qiskit),221,219,224
119,9,127,401,Ewout van den Berg (stim),234,202,269
120,10,127,401,ours,402,384,725
121,10,127,401,qiskit transpile,148,126,127
122,10,127,401,Bravyi et al. (qiskit),195,206,192
123,10,127,401,Ewout van den Berg (stim),245,218,262
124,11,127,401,ours,448,410,729
125,11,127,401,qiskit transpile,134,136,129
126,11,127,401,Bravyi et al. (qiskit),226,239,219
127,11,127,401,Ewout van den Berg (stim),372,245,439
128,12,127,401,ours,593,500,1090
129,12,127,401,qiskit transpile,129,127,145
130,12,127,401,Bravyi et al. (qiskit),224,213,281
131,12,127,401,Ewout van den Berg (stim),361,241,464
132,13,127,401,ours,521,459,857
133,13,127,401,qiskit transpile,147,137,117
134,13,127,401,Bravyi et al. (qiskit),211,210,179
135,13,127,401,Ewout van den Berg (stim),297,236,259
136,14,127,401,ours,536,507,937
137,14,127,401,qiskit transpile,139,134,128
138,14,127,401,Bravyi et al. (qiskit),204,226,218
139,14,127,401,Ewout van den Berg (stim),281,245,291
140,15,127,401,ours,600,484,1093
141,15,127,401,qiskit transpile,152,118,131
142,15,127,401,Bravyi et al. (qiskit),206,195,227
143,15,127,401,Ewout van den Berg (stim),259,197,334
144,16,127,401,ours,582,460,959
145,16,127,401,qiskit transpile,133,140,128
146,16,127,401,Bravyi et al. (qiskit),206,203,182
147,16,127,401,Ewout van den Berg (stim),250,227,302
148,17,127,401,ours,680,529,1109
149,17,127,401,qiskit transpile,124,141,136
150,17,127,401,Bravyi et al. (qiskit),233,232,259
151,17,127,401,Ewout van den Berg (stim),305,238,359
152,18,127,401,ours,547,441,935
153,18,127,401,qiskit transpile,141,129,131
154,18,127,401,Bravyi et al. (qiskit),243,234,230
155,18,127,401,Ewout van den Berg (stim),334,246,348
156,19,127,401,ours,667,493,1089
157,19,127,401,qiskit transpile,139,120,142
158,19,127,401,Bravyi et al. (qiskit),239,206,254
159,19,127,401,Ewout van den Berg (stim),330,206,395
160,0,127,801,ours,2324,1595,4527
161,0,127,801,qiskit transpile,269,255,277
162,0,127,801,Bravyi et al. (qiskit),726,456,1266
163,0,127,801,Ewout van den Berg (stim),1580,551,2455
164,1,127,801,ours,2084,1446,3965
165,1,127,801,qiskit transpile,286,252,263
166,1,127,801,Bravyi et al. (qiskit),627,409,966
167,1,127,801,Ewout van den Berg (stim),1593,560,2588
168,2,127,801,ours,2618,1697,4966
169,2,127,801,qiskit transpile,274,249,278
170,2,127,801,Bravyi et al. (qiskit),837,510,1328
171,2,127,801,Ewout van den Berg (stim),1826,650,3008
172,3,127,801,ours,2126,1422,4028
173,3,127,801,qiskit transpile,258,286,257
174,3,127,801,Bravyi et al. (qiskit),618,442,948
175,3,127,801,Ewout van den Berg (stim),1848,650,2808
176,4,127,801,ours,2421,1674,4598
177,4,127,801,qiskit transpile,258,260,283
178,4,127,801,Bravyi et al. (qiskit),797,455,1246
179,4,127,801,Ewout van den Berg (stim),1670,636,2764
180,5,127,801,ours,2273,1530,4304
181,5,127,801,qiskit transpile,266,271,264
182,5,127,801,Bravyi et al. (qiskit),606,452,972
183,5,127,801,Ewout van den Berg (stim),1962,804,3521
184,6,127,801,ours,2381,1639,4569
185,6,127,801,qiskit transpile,272,260,269
186,6,127,801,Bravyi et al. (qiskit),654,443,977
187,6,127,801,Ewout van den Berg (stim),1256,518,1913
188,7,127,801,ours,2470,1687,4668
189,7,127,801,qiskit transpile,268,256,277
190,7,127,801,Bravyi et al. (qiskit),774,556,1230
191,7,127,801,Ewout van den Berg (stim),1892,682,2834
192,8,127,801,ours,2235,1485,4259
193,8,127,801,qiskit transpile,263,273,265
194,8,127,801,Bravyi et al. (qiskit),666,520,1100
195,8,127,801,Ewout van den Berg (stim),1697,676,2600
196,9,127,801,ours,2028,1394,3909
197,9,127,801,qiskit transpile,261,272,268
198,9,127,801,Bravyi et al. (qiskit),587,436,887
199,9,127,801,Ewout van den Berg (stim),1818,634,2807
200,10,127,801,ours,2301,1544,4449
201,10,127,801,qiskit transpile,267,264,270
202,10,127,801,Bravyi et al. (qiskit),677,507,1102
203,10,127,801,Ewout van den Berg (stim),1525,631,2446
204,11,127,801,ours,2337,1496,4373
205,11,127,801,qiskit transpile,261,266,274
206,11,127,801,Bravyi et al. (qiskit),861,617,1556
207,11,127,801,Ewout van den Berg (stim),2161,895,3533
208,12,127,801,ours,2379,1683,4630
209,12,127,801,qiskit transpile,271,249,279
210,12,127,801,Bravyi et al. (qiskit),764,482,1129
211,12,127,801,Ewout van den Berg (stim),2173,1033,3773
212,13,127,801,ours,2575,1750,5213
213,13,127,801,qiskit transpile,257,250,294
214,13,127,801,Bravyi et al. (qiskit),744,428,1283
215,13,127,801,Ewout van den Berg (stim),1606,751,2762
216,14,127,801,ours,2347,1537,4463
217,14,127,801,qiskit transpile,283,251,267
218,14,127,801,Bravyi et al. (qiskit),717,441,1082
219,14,127,801,Ewout van den Berg (stim),1471,596,2249
220,15,127,801,ours,2270,1471,4335
221,15,127,801,qiskit transpile,248,295,258
222,15,127,801,Bravyi et al. (qiskit),622,428,946
223,15,127,801,Ewout van den Berg (stim),1434,547,2145
224,16,127,801,ours,2217,1526,4254
225,16,127,801,qiskit transpile,273,271,257
226,16,127,801,Bravyi et al. (qiskit),647,460,1059
227,16,127,801,Ewout van den Berg (stim),1491,574,2427
228,17,127,801,ours,2148,1455,3951
229,17,127,801,qiskit transpile,264,283,254
230,17,127,801,Bravyi et al. (qiskit),665,455,960
231,17,127,801,Ewout van den Berg (stim),1633,614,2479
232,18,127,801,ours,2463,1637,4693
233,18,127,801,qiskit transpile,257,247,297
234,18,127,801,Bravyi et al. (qiskit),822,563,1461
235,18,127,801,Ewout van den Berg (stim),2248,875,3823
236,19,127,801,ours,1914,1279,3603
237,19,127,801,qiskit transpile,293,268,238
238,19,127,801,Bravyi et al. (qiskit),628,446,927
239,19,127,801,Ewout van den Berg (stim),1270,633,2159
240,0,127,1201,ours,4102,2646,7836
241,0,127,1201,qiskit transpile,408,373,416
242,0,127,1201,Bravyi et al. (qiskit),2273,1841,4663
243,0,127,1201,Ewout van den Berg (stim),4666,2416,8358
244,1,127,1201,ours,3600,2445,7206
245,1,127,1201,qiskit transpile,400,405,392
246,1,127,1201,Bravyi et al. (qiskit),2168,1794,4391
247,1,127,1201,Ewout van den Berg (stim),4168,2205,7636
248,2,127,1201,ours,3797,2537,7437
249,2,127,1201,qiskit transpile,381,405,415
250,2,127,1201,Bravyi et al. (qiskit),2196,1696,4490
251,2,127,1201,Ewout van den Berg (stim),4480,2160,7924
252,3,127,1201,ours,3710,2335,7144
253,3,127,1201,qiskit transpile,401,416,384
254,3,127,1201,Bravyi et al. (qiskit),1769,1356,3515
255,3,127,1201,Ewout van den Berg (stim),4236,2112,7463
256,4,127,1201,ours,3867,2520,7492
257,4,127,1201,qiskit transpile,375,420,404
258,4,127,1201,Bravyi et al. (qiskit),1926,1537,3946
259,4,127,1201,Ewout van den Berg (stim),4616,2367,8406
260,5,127,1201,ours,3533,2272,6689
261,5,127,1201,qiskit transpile,417,389,395
262,5,127,1201,Bravyi et al. (qiskit),1903,1405,3873
263,5,127,1201,Ewout van den Berg (stim),4107,1950,7281
264,6,127,1201,ours,3572,2293,6877
265,6,127,1201,qiskit transpile,429,401,367
266,6,127,1201,Bravyi et al. (qiskit),1493,1063,2819
267,6,127,1201,Ewout van den Berg (stim),3196,1486,5660
268,7,127,1201,ours,3725,2400,7092
269,7,127,1201,qiskit transpile,397,400,402
270,7,127,1201,Bravyi et al. (qiskit),1957,1469,3895
271,7,127,1201,Ewout van den Berg (stim),4079,2247,7495
272,8,127,1201,ours,3505,2298,6816
273,8,127,1201,qiskit transpile,415,389,393
274,8,127,1201,Bravyi et al. (qiskit),1676,1223,3272
275,8,127,1201,Ewout van den Berg (stim),4020,1845,7019
276,9,127,1201,ours,3756,2398,7026
277,9,127,1201,qiskit transpile,422,373,406
278,9,127,1201,Bravyi et al. (qiskit),1960,1415,3756
279,9,127,1201,Ewout van den Berg (stim),4232,1849,7405
280,10,127,1201,ours,3371,2202,6645
281,10,127,1201,qiskit transpile,416,396,387
282,10,127,1201,Bravyi et al. (qiskit),1984,1702,4081
283,10,127,1201,Ewout van den Berg (stim),3977,1889,7039
284,11,127,1201,ours,3876,2584,7520
285,11,127,1201,qiskit transpile,384,415,398
286,11,127,1201,Bravyi et al. (qiskit),1880,1319,3623
287,11,127,1201,Ewout van den Berg (stim),3760,1895,6640
288,12,127,1201,ours,3890,2557,7438
289,12,127,1201,qiskit transpile,389,396,416
290,12,127,1201,Bravyi et al. (qiskit),1950,1378,3846
291,12,127,1201,Ewout van den Berg (stim),4815,2389,8745
292,13,127,1201,ours,3941,2530,7481
293,13,127,1201,qiskit transpile,416,402,383
294,13,127,1201,Bravyi et al. (qiskit),1820,1316,3628
295,13,127,1201,Ewout van den Berg (stim),3616,1455,6049
296,14,127,1201,ours,3764,2410,7229
297,14,127,1201,qiskit transpile,400,414,387
298,14,127,1201,Bravyi et al. (qiskit),1715,1240,3351
299,14,127,1201,Ewout van den Berg (stim),4137,1992,7470
300,15,127,1201,ours,3836,2472,7451
301,15,127,1201,qiskit transpile,407,396,396
302,15,127,1201,Bravyi et al. (qiskit),2174,1726,4447
303,15,127,1201,Ewout van den Berg (stim),4530,2197,8046
304,16,127,1201,ours,4059,2726,7977
305,16,127,1201,qiskit transpile,386,385,430
306,16,127,1201,Bravyi et al. (qiskit),2180,1627,4588
307,16,127,1201,Ewout van den Berg (stim),4725,2801,8983
308,17,127,1201,ours,3680,2408,7052
309,17,127,1201,qiskit transpile,398,418,385
310,17,127,1201,Bravyi et al. (qiskit),1625,1199,3298
311,17,127,1201,Ewout van den Berg (stim),3624,1809,6437
312,18,127,1201,ours,3641,2393,6907
313,18,127,1201,qiskit transpile,415,396,386
314,18,127,1201,Bravyi et al. (qiskit),1495,1100,2972
315,18,127,1201,Ewout van den Berg (stim),3899,2102,7189
316,19,127,1201,ours,3694,2438,7011
317,19,127,1201,qiskit transpile,414,404,383
318,19,127,1201,Bravyi et al. (qiskit),1570,1103,3220
319,19,127,1201,Ewout van den Berg (stim),4228,2027,7617
320,0,127,1601,ours,4612,3073,9063
321,0,127,1601,qiskit transpile,552,529,520
322,0,127,1601,Bravyi et al. (qiskit),2992,2573,6244
323,0,127,1601,Ewout van den Berg (stim),5563,3211,10377
324,1,127,1601,ours,4961,3241,9624
325,1,127,1601,qiskit transpile,516,543,542
326,1,127,1601,Bravyi et al. (qiskit),3127,2763,6546
327,1,127,1601,Ewout van den Berg (stim),5833,3654,11039
328,2,127,1601,ours,4444,3052,8863
329,2,127,1601,qiskit transpile,539,534,526
330,2,127,1601,Bravyi et al. (qiskit),2890,2461,6122
331,2,127,1601,Ewout van den Berg (stim),5291,3216,9879
332,3,127,1601,ours,4587,3054,8886
333,3,127,1601,qiskit transpile,553,522,522
334,3,127,1601,Bravyi et al. (qiskit),2874,2412,6041
335,3,127,1601,Ewout van den Berg (stim),5475,3350,10406
336,4,127,1601,ours,4871,3265,9567
337,4,127,1601,qiskit transpile,529,526,546
338,4,127,1601,Bravyi et al. (qiskit),3109,2619,6512
339,4,127,1601,Ewout van den Berg (stim),5701,3424,10760
340,5,127,1601,ours,4987,3271,9498
341,5,127,1601,qiskit transpile,539,504,556
342,5,127,1601,Bravyi et al. (qiskit),3196,2705,6649
343,5,127,1601,Ewout van den Berg (stim),5609,3574,10700
344,6,127,1601,ours,4698,3119,9097
345,6,127,1601,qiskit transpile,540,519,540
346,6,127,1601,Bravyi et al. (qiskit),2763,2327,5889
347,6,127,1601,Ewout van den Berg (stim),5415,3304,10170
348,7,127,1601,ours,4798,3219,9446
349,7,127,1601,qiskit transpile,509,542,548
350,7,127,1601,Bravyi et al. (qiskit),2986,2549,6112
351,7,127,1601,Ewout van den Berg (stim),5643,3491,10904
352,8,127,1601,ours,4775,3066,9246
353,8,127,1601,qiskit transpile,525,509,567
354,8,127,1601,Bravyi et al. (qiskit),3109,2654,6595
355,8,127,1601,Ewout van den Berg (stim),5626,3313,10640
356,9,127,1601,ours,5040,3310,9623
357,9,127,1601,qiskit transpile,524,524,553
358,9,127,1601,Bravyi et al. (qiskit),3231,2946,6992
359,9,127,1601,Ewout van den Berg (stim),5528,3676,10758
360,10,127,1601,ours,4500,2995,8729
361,10,127,1601,qiskit transpile,562,555,482
362,10,127,1601,Bravyi et al. (qiskit),2855,2186,5801
363,10,127,1601,Ewout van den Berg (stim),5391,3213,10507
364,11,127,1601,ours,4544,2909,8791
365,11,127,1601,qiskit transpile,539,552,510
366,11,127,1601,Bravyi et al. (qiskit),2735,2250,5723
367,11,127,1601,Ewout van den Berg (stim),5691,3120,10414
368,12,127,1601,ours,5012,3397,9782
369,12,127,1601,qiskit transpile,501,527,573
370,12,127,1601,Bravyi et al. (qiskit),3294,2973,6958
371,12,127,1601,Ewout van den Berg (stim),6122,3729,11438
372,13,127,1601,ours,4800,3188,9308
373,13,127,1601,qiskit transpile,536,555,510
374,13,127,1601,Bravyi et al. (qiskit),2904,2354,6112
375,13,127,1601,Ewout van den Berg (stim),5260,3176,10023
376,14,127,1601,ours,4769,3258,9298
377,14,127,1601,qiskit transpile,525,537,539
378,14,127,1601,Bravyi et al. (qiskit),2926,2571,6307
379,14,127,1601,Ewout van den Berg (stim),5124,2927,9587
380,15,127,1601,ours,4886,3211,9522
381,15,127,1601,qiskit transpile,519,530,552
382,15,127,1601,Bravyi et al. (qiskit),3041,2616,6445
383,15,127,1601,Ewout van den Berg (stim),5424,3379,10225
384,16,127,1601,ours,4804,3166,9450
385,16,127,1601,qiskit transpile,527,515,555
386,16,127,1601,Bravyi et al. (qiskit),3218,2751,6712
387,16,127,1601,Ewout van den Berg (stim),5644,3257,10510
388,17,127,1601,ours,4632,3016,9004
389,17,127,1601,qiskit transpile,517,564,518
390,17,127,1601,Bravyi et al. (qiskit),2929,2510,6294
391,17,127,1601,Ewout van den Berg (stim),5346,3232,10034
392,18,127,1601,ours,4759,3174,9331
393,18,127,1601,qiskit transpile,505,560,536
394,18,127,1601,Bravyi et al. (qiskit),2908,2588,6322
395,18,127,1601,Ewout van den Berg (stim),5639,3426,10776
396,19,127,1601,ours,4626,3055,8941
397,19,127,1601,qiskit transpile,555,532,512
398,19,127,1601,Bravyi et al. (qiskit),2819,2315,5895
399,19,127,1601,Ewout van den Berg (stim),5571,3221,10397
400,0,127,2001,ours,5178,3489,10561
401,0,127,2001,qiskit transpile,677,653,669
402,0,127,2001,Bravyi et al. (qiskit),3504,3293,7726
403,0,127,2001,Ewout van den Berg (stim),6052,3874,11601
404,1,127,2001,ours,5397,3571,10559
405,1,127,2001,qiskit transpile,652,656,691
406,1,127,2001,Bravyi et al. (qiskit),3681,3416,7818
407,1,127,2001,Ewout van den Berg (stim),6007,3846,11507
408,2,127,2001,ours,5278,3477,10250
409,2,127,2001,qiskit transpile,615,713,671
410,2,127,2001,Bravyi et al. (qiskit),3561,3289,7694
411,2,127,2001,Ewout van den Berg (stim),5995,4024,11696
412,3,127,2001,ours,5364,3540,10432
413,3,127,2001,qiskit transpile,692,660,643
414,3,127,2001,Bravyi et al. (qiskit),3586,3191,7631
415,3,127,2001,Ewout van den Berg (stim),5838,3665,11197
416,4,127,2001,ours,5387,3626,10597
417,4,127,2001,qiskit transpile,673,645,683
418,4,127,2001,Bravyi et al. (qiskit),3664,3333,7787
419,4,127,2001,Ewout van den Berg (stim),6049,4086,11934
420,5,127,2001,ours,5358,3512,10324
421,5,127,2001,qiskit transpile,685,667,647
422,5,127,2001,Bravyi et al. (qiskit),3469,3187,7552
423,5,127,2001,Ewout van den Berg (stim),6002,3876,11577
424,6,127,2001,ours,5414,3564,10708
425,6,127,2001,qiskit transpile,671,675,653
426,6,127,2001,Bravyi et al. (qiskit),3643,3242,7743
427,6,127,2001,Ewout van den Berg (stim),6016,4034,11764
428,7,127,2001,ours,5230,3467,10179
429,7,127,2001,qiskit transpile,696,659,644
430,7,127,2001,Bravyi et al. (qiskit),3463,3201,7454
431,7,127,2001,Ewout van den Berg (stim),5942,3992,11570
432,8,127,2001,ours,5347,3630,10431
433,8,127,2001,qiskit transpile,671,686,644
434,8,127,2001,Bravyi et al. (qiskit),3604,3244,7604
435,8,127,2001,Ewout van den Berg (stim),6106,3995,11749
436,9,127,2001,ours,5430,3663,10577
437,9,127,2001,qiskit transpile,678,658,665
438,9,127,2001,Bravyi et al. (qiskit),3582,3375,7763
439,9,127,2001,Ewout van den Berg (stim),6072,4066,11864
440,10,127,2001,ours,5105,3424,10127
441,10,127,2001,qiskit transpile,691,647,661
442,10,127,2001,Bravyi et al. (qiskit),3539,3145,7489
443,10,127,2001,Ewout van den Berg (stim),5684,3796,11041
444,11,127,2001,ours,5077,3356,9927
445,11,127,2001,qiskit transpile,701,653,647
446,11,127,2001,Bravyi et al. (qiskit),3463,3073,7249
447,11,127,2001,Ewout van den Berg (stim),5900,3597,11201
448,12,127,2001,ours,5409,3597,10579
449,12,127,2001,qiskit transpile,658,666,677
450,12,127,2001,Bravyi et al. (qiskit),3543,3206,7496
451,12,127,2001,Ewout van den Berg (stim),5801,3863,11393
452,13,127,2001,ours,5308,3569,10368
453,13,127,2001,qiskit transpile,656,672,669
454,13,127,2001,Bravyi et al. (qiskit),3515,3274,7690
455,13,127,2001,Ewout van den Berg (stim),5834,3837,11257
456,14,127,2001,ours,5116,3449,10033
457,14,127,2001,qiskit transpile,688,655,658
458,14,127,2001,Bravyi et al. (qiskit),3489,3190,7250
459,14,127,2001,Ewout van den Berg (stim),5879,3720,11145
460,15,127,2001,ours,5302,3617,10337
461,15,127,2001,qiskit transpile,669,683,647
462,15,127,2001,Bravyi et al. (qiskit),3604,3253,7649
463,15,127,2001,Ewout van den Berg (stim),6159,3991,11721
464,16,127,2001,ours,5420,3651,10538
465,16,127,2001,qiskit transpile,630,687,682
466,16,127,2001,Bravyi et al. (qiskit),3575,3285,7703
467,16,127,2001,Ewout van den Berg (stim),6065,3951,11745
468,17,127,2001,ours,5327,3557,10534
469,17,127,2001,qiskit transpile,680,632,689
470,17,127,2001,Bravyi et al. (qiskit),3678,3439,7915
471,17,127,2001,Ewout van den Berg (stim),6107,3969,11690
472,18,127,2001,ours,5294,3427,10261
473,18,127,2001,qiskit transpile,690,679,632
474,18,127,2001,Bravyi et al. (qiskit),3600,3221,7594
475,18,127,2001,Ewout van den Berg (stim),6229,3885,11802
476,19,127,2001,ours,5360,3564,10318
477,19,127,2001,qiskit transpile,668,678,653
478,19,127,2001,Bravyi et al. (qiskit),3706,3370,7837
479,19,127,2001,Ewout van den Berg (stim),6051,3871,11698
480,0,127,2401,ours,5494,3690,10792
481,0,127,2401,qiskit transpile,788,809,804
482,0,127,2401,Bravyi et al. (qiskit),3857,3480,8134
483,0,127,2401,Ewout van den Berg (stim),6169,4222,11923
484,1,127,2401,ours,5355,3615,10809
485,1,127,2401,qiskit transpile,804,782,815
486,1,127,2401,Bravyi et al. (qiskit),3753,3551,8159
487,1,127,2401,Ewout van den Berg (stim),6156,4284,12003
488,2,127,2401,ours,5663,3805,11039
489,2,127,2401,qiskit transpile,791,794,814
490,2,127,2401,Bravyi et al. (qiskit),3881,3616,8296
491,2,127,2401,Ewout van den Berg (stim),6010,4045,11803
492,3,127,2401,ours,5631,3757,10904
493,3,127,2401,qiskit transpile,841,759,801
494,3,127,2401,Bravyi et al. (qiskit),3834,3660,8203
495,3,127,2401,Ewout van den Berg (stim),6216,4164,12172
496,4,127,2401,ours,5629,3743,10938
497,4,127,2401,qiskit transpile,803,824,774
498,4,127,2401,Bravyi et al. (qiskit),3817,3742,8279
499,4,127,2401,Ewout van den Berg (stim),6212,4243,12088
500,5,127,2401,ours,5429,3747,10809
501,5,127,2401,qiskit transpile,821,809,769
502,5,127,2401,Bravyi et al. (qiskit),3744,3480,8128
503,5,127,2401,Ewout van den Berg (stim),6055,3953,11614
504,6,127,2401,ours,5457,3726,10870
505,6,127,2401,qiskit transpile,814,772,815
506,6,127,2401,Bravyi et al. (qiskit),3832,3560,8110
507,6,127,2401,Ewout van den Berg (stim),6169,4276,12130
508,7,127,2401,ours,5581,3781,10998
509,7,127,2401,qiskit transpile,821,784,796
510,7,127,2401,Bravyi et al. (qiskit),3787,3660,8232
511,7,127,2401,Ewout van den Berg (stim),6084,4252,12039
512,8,127,2401,ours,5546,3835,10955
513,8,127,2401,qiskit transpile,801,814,784
514,8,127,2401,Bravyi et al. (qiskit),3832,3494,8133
515,8,127,2401,Ewout van den Berg (stim),6263,4271,12141
516,9,127,2401,ours,5687,3821,11027
517,9,127,2401,qiskit transpile,847,756,798
518,9,127,2401,Bravyi et al. (qiskit),3762,3651,8252
519,9,127,2401,Ewout van den Berg (stim),6252,4266,12049
520,10,127,2401,ours,5643,3745,11007
521,10,127,2401,qiskit transpile,813,801,785
522,10,127,2401,Bravyi et al. (qiskit),3843,3418,8067
523,10,127,2401,Ewout van den Berg (stim),6112,4214,11925
524,11,127,2401,ours,5540,3762,10914
525,11,127,2401,qiskit transpile,810,774,815
526,11,127,2401,Bravyi et al. (qiskit),3770,3599,8189
527,11,127,2401,Ewout van den Berg (stim),6141,4155,12018
528,12,127,2401,ours,5614,3831,10881
529,12,127,2401,qiskit transpile,776,826,799
530,12,127,2401,Bravyi et al. (qiskit),3800,3621,8086
531,12,127,2401,Ewout van den Berg (stim),6151,4113,12000
532,13,127,2401,ours,5586,3687,10661
533,13,127,2401,qiskit transpile,842,796,759
534,13,127,2401,Bravyi et al. (qiskit),3762,3549,8114
535,13,127,2401,Ewout van den Berg (stim),6106,4134,12078
536,14,127,2401,ours,5600,3826,11026
537,14,127,2401,qiskit transpile,796,794,811
538,14,127,2401,Bravyi et al. (qiskit),3858,3686,8253
539,14,127,2401,Ewout van den Berg (stim),6129,4210,12073
540,15,127,2401,ours,5564,3557,10730
541,15,127,2401,qiskit transpile,844,783,770
542,15,127,2401,Bravyi et al. (qiskit),3825,3564,8160
543,15,127,2401,Ewout van den Berg (stim),6151,4252,12190
544,16,127,2401,ours,5552,3707,10783
545,16,127,2401,qiskit transpile,809,816,774
546,16,127,2401,Bravyi et al. (qiskit),3667,3511,7922
547,16,127,2401,Ewout van den Berg (stim),6150,4088,12016
548,17,127,2401,ours,5515,3792,10867
549,17,127,2401,qiskit transpile,817,784,800
550,17,127,2401,Bravyi et al. (qiskit),3739,3660,8290
551,17,127,2401,Ewout van den Berg (stim),6150,4278,12038
552,18,127,2401,ours,5603,3685,10767
553,18,127,2401,qiskit transpile,836,797,768
554,18,127,2401,Bravyi et al. (qiskit),3814,3573,8113
555,18,127,2401,Ewout van den Berg (stim),6137,4286,11987
556,19,127,2401,ours,5570,3649,10740
557,19,127,2401,qiskit transpile,854,796,751
558,19,127,2401,Bravyi et al. (qiskit),3754,3484,8013
559,19,127,2401,Ewout van den Berg (stim),6111,4203,11934
560,0,127,2801,ours,5472,3724,10883
561,0,127,2801,qiskit transpile,934,945,922
562,0,127,2801,Bravyi et al. (qiskit),3856,3659,8196
563,0,127,2801,Ewout van den Berg (stim),6203,4275,12181
564,1,127,2801,ours,5776,3913,11255
565,1,127,2801,qiskit transpile,932,925,944
566,1,127,2801,Bravyi et al. (qiskit),3972,3720,8474
567,1,127,2801,Ewout van den Berg (stim),6197,4234,12156
568,2,127,2801,ours,5663,3869,11139
569,2,127,2801,qiskit transpile,953,924,924
570,2,127,2801,Bravyi et al. (qiskit),3896,3583,8290
571,2,127,2801,Ewout van den Berg (stim),6131,4152,12057
572,3,127,2801,ours,5690,3904,11240
573,3,127,2801,qiskit transpile,908,926,965
574,3,127,2801,Bravyi et al. (qiskit),3913,3737,8447
575,3,127,2801,Ewout van den Berg (stim),6272,4369,12217
576,4,127,2801,ours,5555,3875,11016
577,4,127,2801,qiskit transpile,921,949,927
578,4,127,2801,Bravyi et al. (qiskit),3808,3720,8346
579,4,127,2801,Ewout van den Berg (stim),6036,4263,12018
580,5,127,2801,ours,5824,3821,11340
581,5,127,2801,qiskit transpile,958,916,927
582,5,127,2801,Bravyi et al. (qiskit),3970,3728,8438
583,5,127,2801,Ewout van den Berg (stim),6210,4314,12191
584,6,127,2801,ours,5742,3942,11216
585,6,127,2801,qiskit transpile,896,975,928
586,6,127,2801,Bravyi et al. (qiskit),3907,3846,8451
587,6,127,2801,Ewout van den Berg (stim),6208,4237,12203
588,7,127,2801,ours,5830,3852,11122
589,7,127,2801,qiskit transpile,979,939,881
590,7,127,2801,Bravyi et al. (qiskit),3925,3695,8335
591,7,127,2801,Ewout van den Berg (stim),6170,4274,12072
592,8,127,2801,ours,5782,3901,11247
593,8,127,2801,qiskit transpile,943,920,934
594,8,127,2801,Bravyi et al. (qiskit),3903,3861,8390
595,8,127,2801,Ewout van den Berg (stim),6228,4303,12244
596,9,127,2801,ours,5739,3791,11197
597,9,127,2801,qiskit transpile,933,954,912
598,9,127,2801,Bravyi et al. (qiskit),3909,3760,8404
599,9,127,2801,Ewout van den Berg (stim),6212,4357,12200
600,10,127,2801,ours,5705,3954,11162
601,10,127,2801,qiskit transpile,926,932,943
602,10,127,2801,Bravyi et al. (qiskit),3856,3688,8432
603,10,127,2801,Ewout van den Berg (stim),6101,4363,12122
604,11,127,2801,ours,5751,4006,11355
605,11,127,2801,qiskit transpile,946,936,917
606,11,127,2801,Bravyi et al. (qiskit),4009,3827,8527
607,11,127,2801,Ewout van den Berg (stim),6219,4324,12138
608,12,127,2801,ours,5952,3915,11442
609,12,127,2801,qiskit transpile,944,885,972
610,12,127,2801,Bravyi et al. (qiskit),3943,3796,8444
611,12,127,2801,Ewout van den Berg (stim),6173,4317,12243
612,13,127,2801,ours,5696,3916,11155
613,13,127,2801,qiskit transpile,955,945,899
614,13,127,2801,Bravyi et al. (qiskit),3907,3729,8375
615,13,127,2801,Ewout van den Berg (stim),6126,4234,11954
616,14,127,2801,ours,5699,3759,11261
617,14,127,2801,qiskit transpile,903,1032,864
618,14,127,2801,Bravyi et al. (qiskit),3843,3700,8313
619,14,127,2801,Ewout van den Berg (stim),6226,4244,12121
620,15,127,2801,ours,5749,3842,11137
621,15,127,2801,qiskit transpile,902,988,909
622,15,127,2801,Bravyi et al. (qiskit),3952,3790,8427
623,15,127,2801,Ewout van den Berg (stim),6278,4345,12215
624,16,127,2801,ours,5674,3902,11157
625,16,127,2801,qiskit transpile,942,928,929
626,16,127,2801,Bravyi et al. (qiskit),3920,3716,8393
627,16,127,2801,Ewout van den Berg (stim),6159,4174,12104
628,17,127,2801,ours,5827,3986,11394
629,17,127,2801,qiskit transpile,907,978,912
630,17,127,2801,Bravyi et al. (qiskit),3962,3840,8451
631,17,127,2801,Ewout van den Berg (stim),6234,4260,12194
632,18,127,2801,ours,5810,3828,11196
633,18,127,2801,qiskit transpile,959,934,908
634,18,127,2801,Bravyi et al. (qiskit),3900,3784,8482
635,18,127,2801,Ewout van den Berg (stim),6261,4399,12124
636,19,127,2801,ours,5800,3956,11316
637,19,127,2801,qiskit transpile,920,943,928
638,19,127,2801,Bravyi et al. (qiskit),3869,3838,8425
639,19,127,2801,Ewout van den Berg (stim),6226,4264,12137
640,0,127,3201,ours,5760,3889,11322
641,0,127,3201,qiskit transpile,1092,1056,1049
642,0,127,3201,Bravyi et al. (qiskit),3881,3785,8495
643,0,127,3201,Ewout van den Berg (stim),6129,4309,12256
644,1,127,3201,ours,5804,3945,11312
645,1,127,3201,qiskit transpile,1072,1050,1077
646,1,127,3201,Bravyi et al. (qiskit),3961,3857,8548
647,1,127,3201,Ewout van den Berg (stim),6200,4288,12162
648,2,127,3201,ours,5937,4003,11442
649,2,127,3201,qiskit transpile,1091,1039,1069
650,2,127,3201,Bravyi et al. (qiskit),3925,3866,8539
651,2,127,3201,Ewout van den Berg (stim),6304,4342,12159
652,3,127,3201,ours,5730,3853,11280
653,3,127,3201,qiskit transpile,1102,1046,1053
654,3,127,3201,Bravyi et al. (qiskit),3955,3831,8501
655,3,127,3201,Ewout van den Berg (stim),6143,4309,12118
656,4,127,3201,ours,5793,3896,11399
657,4,127,3201,qiskit transpile,1035,1065,1101
658,4,127,3201,Bravyi et al. (qiskit),3907,3900,8547
659,4,127,3201,Ewout van den Berg (stim),6237,4279,12193
660,5,127,3201,ours,5716,3919,11317
661,5,127,3201,qiskit transpile,1063,1077,1059
662,5,127,3201,Bravyi et al. (qiskit),3998,3795,8496
663,5,127,3201,Ewout van den Berg (stim),6210,4408,12197
664,6,127,3201,ours,5677,3967,11304
665,6,127,3201,qiskit transpile,1068,1050,1081
666,6,127,3201,Bravyi et al. (qiskit),3996,3848,8540
667,6,127,3201,Ewout van den Berg (stim),6194,4302,12182
668,7,127,3201,ours,5742,3897,11219
669,7,127,3201,qiskit transpile,1050,1097,1054
670,7,127,3201,Bravyi et al. (qiskit),3856,3768,8449
671,7,127,3201,Ewout van den Berg (stim),6143,4404,12170
672,8,127,3201,ours,5713,3912,11240
673,8,127,3201,qiskit transpile,1086,1029,1084
674,8,127,3201,Bravyi et al. (qiskit),3946,3811,8514
675,8,127,3201,Ewout van den Berg (stim),6215,4285,12171
676,9,127,3201,ours,5583,3756,10988
677,9,127,3201,qiskit transpile,1058,1078,1065
678,9,127,3201,Bravyi et al. (qiskit),3871,3704,8372
679,9,127,3201,Ewout van den Berg (stim),6080,4293,12073
680,10,127,3201,ours,5719,3850,11325
681,10,127,3201,qiskit transpile,1069,1073,1059
682,10,127,3201,Bravyi et al. (qiskit),3873,3820,8505
683,10,127,3201,Ewout van den Berg (stim),6239,4281,12180
684,11,127,3201,ours,5899,3815,11338
685,11,127,3201,qiskit transpile,1085,1045,1065
686,11,127,3201,Bravyi et al. (qiskit),3887,3893,8542
687,11,127,3201,Ewout van den Berg (stim),6232,4300,12191
688,12,127,3201,ours,5748,3936,11338
689,12,127,3201,qiskit transpile,1033,1094,1072
690,12,127,3201,Bravyi et al. (qiskit),3905,3887,8552
691,12,127,3201,Ewout van den Berg (stim),6207,4358,12167
692,13,127,3201,ours,5766,3832,11303
693,13,127,3201,qiskit transpile,1072,1042,1087
694,13,127,3201,Bravyi et al. (qiskit),4010,3854,8526
695,13,127,3201,Ewout van den Berg (stim),6144,4284,12185
696,14,127,3201,ours,5822,3849,11276
697,14,127,3201,qiskit transpile,1097,1065,1039
698,14,127,3201,Bravyi et al. (qiskit),3899,3796,8473
699,14,127,3201,Ewout van den Berg (stim),6097,4250,12089
700,15,127,3201,ours,5796,3996,11352
701,15,127,3201,qiskit transpile,1067,1047,1087
702,15,127,3201,Bravyi et al. (qiskit),3950,3748,8484
703,15,127,3201,Ewout van den Berg (stim),6278,4410,12234
704,16,127,3201,ours,5925,3956,11330
705,16,127,3201,qiskit transpile,1046,1010,1145
706,16,127,3201,Bravyi et al. (qiskit),4012,3866,8534
707,16,127,3201,Ewout van den Berg (stim),6187,4292,12039
708,17,127,3201,ours,5852,3996,11408
709,17,127,3201,qiskit transpile,1067,1050,1080
710,17,127,3201,Bravyi et al. (qiskit),3961,3843,8502
711,17,127,3201,Ewout van den Berg (stim),6126,4271,12010
712,18,127,3201,ours,5769,3984,11291
713,18,127,3201,qiskit transpile,1084,1057,1060
714,18,127,3201,Bravyi et al. (qiskit),3905,3637,8466
715,18,127,3201,Ewout van den Berg (stim),6059,4309,11996
716,19,127,3201,ours,5697,3903,11130
717,19,127,3201,qiskit transpile,1097,1015,1085
718,19,127,3201,Bravyi et al. (qiskit),3937,3854,8560
719,19,127,3201,Ewout van den Berg (stim),6083,4261,12095
720,0,127,3601,ours,5795,3983,11436
721,0,127,3601,qiskit transpile,1200,1164,1231
722,0,127,3601,Bravyi et al. (qiskit),3953,3854,8539
723,0,127,3601,Ewout van den Berg (stim),6214,4326,12129
724,1,127,3601,ours,5844,4077,11382
725,1,127,3601,qiskit transpile,1154,1220,1225
726,1,127,3601,Bravyi et al. (qiskit),3962,3811,8550
727,1,127,3601,Ewout van den Berg (stim),6135,4244,12095
728,2,127,3601,ours,5896,3955,11374
729,2,127,3601,qiskit transpile,1236,1219,1144
730,2,127,3601,Bravyi et al. (qiskit),3991,3744,8564
731,2,127,3601,Ewout van den Berg (stim),6217,4325,12143
732,3,127,3601,ours,5796,3946,11375
733,3,127,3601,qiskit transpile,1184,1239,1174
734,3,127,3601,Bravyi et al. (qiskit),4047,3893,8535
735,3,127,3601,Ewout van den Berg (stim),6238,4221,12203
736,4,127,3601,ours,5928,3951,11331
737,4,127,3601,qiskit transpile,1160,1229,1210
738,4,127,3601,Bravyi et al. (qiskit),3953,3755,8531
739,4,127,3601,Ewout van den Berg (stim),6111,4304,12162
740,5,127,3601,ours,6013,3958,11475
741,5,127,3601,qiskit transpile,1187,1193,1219
742,5,127,3601,Bravyi et al. (qiskit),3928,3877,8510
743,5,127,3601,Ewout van den Berg (stim),6179,4243,12140
744,6,127,3601,ours,5841,3916,11344
745,6,127,3601,qiskit transpile,1186,1241,1172
746,6,127,3601,Bravyi et al. (qiskit),3928,3897,8589
747,6,127,3601,Ewout van den Berg (stim),6186,4280,12119
748,7,127,3601,ours,5832,4016,11344
749,7,127,3601,qiskit transpile,1203,1183,1213
750,7,127,3601,Bravyi et al. (qiskit),3995,3855,8579
751,7,127,3601,Ewout van den Berg (stim),6130,4195,12149
752,8,127,3601,ours,5839,3984,11375
753,8,127,3601,qiskit transpile,1236,1188,1175
754,8,127,3601,Bravyi et al. (qiskit),3979,3808,8576
755,8,127,3601,Ewout van den Berg (stim),6158,4366,12233
756,9,127,3601,ours,5775,3971,11445
757,9,127,3601,qiskit transpile,1184,1202,1213
758,9,127,3601,Bravyi et al. (qiskit),4016,3938,8601
759,9,127,3601,Ewout van den Berg (stim),6211,4329,12158
760,10,127,3601,ours,5781,3922,11305
761,10,127,3601,qiskit transpile,1137,1254,1206
762,10,127,3601,Bravyi et al. (qiskit),4012,3902,8533
763,10,127,3601,Ewout van den Berg (stim),6137,4435,12218
764,11,127,3601,ours,5796,3980,11423
765,11,127,3601,qiskit transpile,1198,1224,1169
766,11,127,3601,Bravyi et al. (qiskit),3869,3931,8559
767,11,127,3601,Ewout van den Berg (stim),6347,4361,12236
768,12,127,3601,ours,5891,4074,11393
769,12,127,3601,qiskit transpile,1245,1186,1168
770,12,127,3601,Bravyi et al. (qiskit),3938,3800,8510
771,12,127,3601,Ewout van den Berg (stim),6171,4163,12099
772,13,127,3601,ours,5728,4013,11313
773,13,127,3601,qiskit transpile,1206,1183,1210
774,13,127,3601,Bravyi et al. (qiskit),3967,3856,8532
775,13,127,3601,Ewout van den Berg (stim),6173,4325,12144
776,14,127,3601,ours,5699,3909,11381
777,14,127,3601,qiskit transpile,1157,1244,1200
778,14,127,3601,Bravyi et al. (qiskit),3974,3899,8570
779,14,127,3601,Ewout van den Berg (stim),6254,4329,12164
780,15,127,3601,ours,5913,3968,11377
781,15,127,3601,qiskit transpile,1199,1196,1206
782,15,127,3601,Bravyi et al. (qiskit),3937,3777,8586
783,15,127,3601,Ewout van den Berg (stim),6198,4246,12172
784,16,127,3601,ours,5735,3922,11362
785,16,127,3601,qiskit transpile,1189,1200,1210
786,16,127,3601,Bravyi et al. (qiskit),3885,3797,8573
787,16,127,3601,Ewout van den Berg (stim),6213,4361,12244
788,17,127,3601,ours,5827,3929,11353
789,17,127,3601,qiskit transpile,1238,1204,1153
790,17,127,3601,Bravyi et al. (qiskit),4022,3863,8567
791,17,127,3601,Ewout van den Berg (stim),6170,4258,12126
792,18,127,3601,ours,5813,3854,11354
793,18,127,3601,qiskit transpile,1221,1189,1187
794,18,127,3601,Bravyi et al. (qiskit),3926,3831,8548
795,18,127,3601,Ewout van den Berg (stim),6291,4241,12213
796,19,127,3601,ours,5792,3982,11308
797,19,127,3601,qiskit transpile,1216,1211,1168
798,19,127,3601,Bravyi et al. (qiskit),4003,3860,8519
799,19,127,3601,Ewout van den Berg (stim),6305,4328,12192
800,0,127,4001,ours,5729,3953,11435
801,0,127,4001,qiskit transpile,1349,1314,1336
802,0,127,4001,Bravyi et al. (qiskit),4015,3786,8579
803,0,127,4001,Ewout van den Berg (stim),6169,4343,12222
804,1,127,4001,ours,5865,3973,11298
805,1,127,4001,qiskit transpile,1300,1353,1348
806,1,127,4001,Bravyi et al. (qiskit),4005,3864,8555
807,1,127,4001,Ewout van den Berg (stim),6207,4363,12076
808,2,127,4001,ours,5813,3970,11454
809,2,127,4001,qiskit transpile,1368,1329,1304
810,2,127,4001,Bravyi et al. (qiskit),3934,3779,8486
811,2,127,4001,Ewout van den Berg (stim),6225,4376,12131
812,3,127,4001,ours,5879,4008,11323
813,3,127,4001,qiskit transpile,1393,1294,1312
814,3,127,4001,Bravyi et al. (qiskit),4019,3938,8546
815,3,127,4001,Ewout van den Berg (stim),6287,4296,12190
816,4,127,4001,ours,5844,3987,11391
817,4,127,4001,qiskit transpile,1319,1361,1319
818,4,127,4001,Bravyi et al. (qiskit),3925,3845,8482
819,4,127,4001,Ewout van den Berg (stim),6163,4399,12145
820,5,127,4001,ours,5774,3959,11500
821,5,127,4001,qiskit transpile,1286,1354,1361
822,5,127,4001,Bravyi et al. (qiskit),3984,3921,8539
823,5,127,4001,Ewout van den Berg (stim),6158,4247,12072
824,6,127,4001,ours,5775,3933,11429
825,6,127,4001,qiskit transpile,1334,1313,1354
826,6,127,4001,Bravyi et al. (qiskit),3989,3860,8550
827,6,127,4001,Ewout van den Berg (stim),6132,4232,12125
828,7,127,4001,ours,5812,3963,11354
829,7,127,4001,qiskit transpile,1311,1399,1289
830,7,127,4001,Bravyi et al. (qiskit),3997,3835,8539
831,7,127,4001,Ewout van den Berg (stim),6231,4265,12102
832,8,127,4001,ours,5835,3870,11446
833,8,127,4001,qiskit transpile,1342,1322,1337
834,8,127,4001,Bravyi et al. (qiskit),4023,3844,8556
835,8,127,4001,Ewout van den Berg (stim),6242,4298,12146
836,9,127,4001,ours,5802,3983,11421
837,9,127,4001,qiskit transpile,1326,1363,1308
838,9,127,4001,Bravyi et al. (qiskit),3957,3846,8586
839,9,127,4001,Ewout van den Berg (stim),6177,4317,12186
840,10,127,4001,ours,5752,4021,11281
841,10,127,4001,qiskit transpile,1375,1304,1322
842,10,127,4001,Bravyi et al. (qiskit),3987,3823,8514
843,10,127,4001,Ewout van den Berg (stim),6146,4316,12166
844,11,127,4001,ours,5893,3967,11362
845,11,127,4001,qiskit transpile,1311,1331,1357
846,11,127,4001,Bravyi et al. (qiskit),3987,3942,8586
847,11,127,4001,Ewout van den Berg (stim),6295,4382,12171
848,12,127,4001,ours,5848,3923,11426
849,12,127,4001,qiskit transpile,1273,1338,1386
850,12,127,4001,Bravyi et al. (qiskit),3926,3822,8544
851,12,127,4001,Ewout van den Berg (stim),6101,4355,12155
852,13,127,4001,ours,5865,4043,11430
853,13,127,4001,qiskit transpile,1352,1324,1325
854,13,127,4001,Bravyi et al. (qiskit),3944,3820,8559
855,13,127,4001,Ewout van den Berg (stim),6174,4290,12142
856,14,127,4001,ours,5818,3948,11385
857,14,127,4001,qiskit transpile,1364,1273,1362
858,14,127,4001,Bravyi et al. (qiskit),3960,3822,8540
859,14,127,4001,Ewout van den Berg (stim),6209,4206,12203
860,15,127,4001,ours,5789,3953,11412
861,15,127,4001,qiskit transpile,1383,1273,1341
862,15,127,4001,Bravyi et al. (qiskit),3889,3799,8563
863,15,127,4001,Ewout van den Berg (stim),6134,4189,12107
864,16,127,4001,ours,5833,3991,11415
865,16,127,4001,qiskit transpile,1344,1319,1334
866,16,127,4001,Bravyi et al. (qiskit),3914,3847,8604
867,16,127,4001,Ewout van den Berg (stim),6320,4348,12158
868,17,127,4001,ours,5783,3898,11375
869,17,127,4001,qiskit transpile,1347,1328,1322
870,17,127,4001,Bravyi et al. (qiskit),3878,3813,8551
871,17,127,4001,Ewout van den Berg (stim),6198,4303,12188
872,18,127,4001,ours,5830,3965,11325
873,18,127,4001,qiskit transpile,1353,1308,1340
874,18,127,4001,Bravyi et al. (qiskit),3937,3919,8543
875,18,127,4001,Ewout van den Berg (stim),6235,4319,12233
876,19,127,4001,ours,5929,3963,11484
877,19,127,4001,qiskit transpile,1359,1369,1273
878,19,127,4001,Bravyi et al. (qiskit),4006,3794,8528
879,19,127,4001,Ewout van den Berg (stim),6226,4371,12135
880,0,127,4401,ours,5726,3893,11412
881,0,127,4401,qiskit transpile,1465,1483,1445
882,0,127,4401,Bravyi et al. (qiskit),3995,3838,8613
883,0,127,4401,Ewout van den Berg (stim),6197,4242,12260
884,1,127,4401,ours,5812,4003,11418
885,1,127,4401,qiskit transpile,1464,1489,1446
886,1,127,4401,Bravyi et al. (qiskit),3980,3780,8537
887,1,127,4401,Ewout van den Berg (stim),6190,4307,12217
888,2,127,4401,ours,5876,4024,11377
889,2,127,4401,qiskit transpile,1448,1489,1458
890,2,127,4401,Bravyi et al. (qiskit),3959,3884,8566
891,2,127,4401,Ewout van den Berg (stim),6105,4245,12078
892,3,127,4401,ours,5857,3971,11363
893,3,127,4401,qiskit transpile,1431,1469,1497
894,3,127,4401,Bravyi et al. (qiskit),3899,3782,8584
895,3,127,4401,Ewout van den Berg (stim),6202,4337,12217
896,4,127,4401,ours,5707,3977,11368
897,4,127,4401,qiskit transpile,1465,1480,1452
898,4,127,4401,Bravyi et al. (qiskit),3943,3884,8549
899,4,127,4401,Ewout van den Berg (stim),6187,4291,12243
900,5,127,4401,ours,5782,3974,11398
901,5,127,4401,qiskit transpile,1461,1506,1434
902,5,127,4401,Bravyi et al. (qiskit),4014,3858,8574
903,5,127,4401,Ewout van den Berg (stim),6214,4254,12192
904,6,127,4401,ours,5733,3987,11358
905,6,127,4401,qiskit transpile,1470,1516,1413
906,6,127,4401,Bravyi et al. (qiskit),3943,3851,8588
907,6,127,4401,Ewout van den Berg (stim),6373,4374,12323
908,7,127,4401,ours,5815,4030,11387
909,7,127,4401,qiskit transpile,1457,1483,1459
910,7,127,4401,Bravyi et al. (qiskit),3983,3822,8554
911,7,127,4401,Ewout van den Berg (stim),6175,4390,12209
912,8,127,4401,ours,5793,4023,11445
913,8,127,4401,qiskit transpile,1442,1508,1451
914,8,127,4401,Bravyi et al. (qiskit),3981,3820,8534
915,8,127,4401,Ewout van den Berg (stim),6128,4303,12191
916,9,127,4401,ours,5900,4036,11456
917,9,127,4401,qiskit transpile,1475,1478,1446
918,9,127,4401,Bravyi et al. (qiskit),3881,3898,8554
919,9,127,4401,Ewout van den Berg (stim),6168,4309,12145
920,10,127,4401,ours,5790,4052,11405
921,10,127,4401,qiskit transpile,1530,1496,1371
922,10,127,4401,Bravyi et al. (qiskit),3901,3861,8573
923,10,127,4401,Ewout van den Berg (stim),6272,4349,12176
924,11,127,4401,ours,5728,3978,11358
925,11,127,4401,qiskit transpile,1478,1467,1448
926,11,127,4401,Bravyi et al. (qiskit),3943,3890,8563
927,11,127,4401,Ewout van den Berg (stim),6265,4277,12201
928,12,127,4401,ours,5757,4030,11342
929,12,127,4401,qiskit transpile,1443,1446,1512
930,12,127,4401,Bravyi et al. (qiskit),3900,3805,8521
931,12,127,4401,Ewout van den Berg (stim),6152,4264,12202
932,13,127,4401,ours,5875,4111,11489
933,13,127,4401,qiskit transpile,1486,1454,1461
934,13,127,4401,Bravyi et al. (qiskit),3902,3803,8532
935,13,127,4401,Ewout van den Berg (stim),6229,4352,12188
936,14,127,4401,ours,5835,4019,11375
937,14,127,4401,qiskit transpile,1467,1472,1460
938,14,127,4401,Bravyi et al. (qiskit),3929,3912,8521
939,14,127,4401,Ewout van den Berg (stim),6175,4386,12166
940,15,127,4401,ours,5858,3964,11379
941,15,127,4401,qiskit transpile,1461,1482,1456
942,15,127,4401,Bravyi et al. (qiskit),3915,3837,8560
943,15,127,4401,Ewout van den Berg (stim),6225,4416,12180
944,16,127,4401,ours,5855,3844,11440
945,16,127,4401,qiskit transpile,1443,1525,1429
946,16,127,4401,Bravyi et al. (qiskit),4045,3829,8558
947,16,127,4401,Ewout van den Berg (stim),6236,4337,12211
948,17,127,4401,ours,5891,3986,11467
949,17,127,4401,qiskit transpile,1456,1503,1442
950,17,127,4401,Bravyi et al. (qiskit),3892,3845,8576
951,17,127,4401,Ewout van den Berg (stim),6278,4415,12256
952,18,127,4401,ours,5851,4069,11427
953,18,127,4401,qiskit transpile,1506,1440,1451
954,18,127,4401,Bravyi et al. (qiskit),3915,3803,8552
955,18,127,4401,Ewout van den Berg (stim),6170,4346,12182
956,19,127,4401,ours,5813,3966,11371
957,19,127,4401,qiskit transpile,1495,1443,1457
958,19,127,4401,Bravyi et al. (qiskit),3968,3843,8562
959,19,127,4401,Ewout van den Berg (stim),6219,4363,12188
960,0,127,4801,ours,5786,3944,11338
961,0,127,4801,qiskit transpile,1644,1578,1575
962,0,127,4801,Bravyi et al. (qiskit),3865,3835,8539
963,0,127,4801,Ewout van den Berg (stim),6169,4290,12256
964,1,127,4801,ours,5851,3954,11451
965,1,127,4801,qiskit transpile,1602,1608,1587
966,1,127,4801,Bravyi et al. (qiskit),3926,3805,8543
967,1,127,4801,Ewout van den Berg (stim),6102,4351,12170
968,2,127,4801,ours,5971,4067,11565
969,2,127,4801,qiskit transpile,1550,1668,1581
970,2,127,4801,Bravyi et al. (qiskit),3926,3825,8558
971,2,127,4801,Ewout van den Berg (stim),6248,4277,12196
972,3,127,4801,ours,5788,3972,11387
973,3,127,4801,qiskit transpile,1571,1613,1613
974,3,127,4801,Bravyi et al. (qiskit),4036,3777,8521
975,3,127,4801,Ewout van den Berg (stim),6037,4252,12061
976,4,127,4801,ours,5777,3917,11391
977,4,127,4801,qiskit transpile,1644,1593,1564
978,4,127,4801,Bravyi et al. (qiskit),4000,3825,8558
979,4,127,4801,Ewout van den Berg (stim),6253,4396,12222
980,5,127,4801,ours,5787,4005,11344
981,5,127,4801,qiskit transpile,1637,1596,1566
982,5,127,4801,Bravyi et al. (qiskit),3943,3796,8463
983,5,127,4801,Ewout van den Berg (stim),6200,4275,12194
984,6,127,4801,ours,5751,3962,11460
985,6,127,4801,qiskit transpile,1578,1609,1612
986,6,127,4801,Bravyi et al. (qiskit),3993,3871,8533
987,6,127,4801,Ewout van den Berg (stim),6132,4275,12129
988,7,127,4801,ours,5765,3993,11375
989,7,127,4801,qiskit transpile,1549,1603,1643
990,7,127,4801,Bravyi et al. (qiskit),4046,3835,8540
991,7,127,4801,Ewout van den Berg (stim),6152,4328,12133
992,8,127,4801,ours,5694,3883,11327
993,8,127,4801,qiskit transpile,1617,1590,1586
994,8,127,4801,Bravyi et al. (qiskit),3929,3811,8546
995,8,127,4801,Ewout van den Berg (stim),6232,4370,12203
996,9,127,4801,ours,5903,4041,11356
997,9,127,4801,qiskit transpile,1636,1587,1578
998,9,127,4801,Bravyi et al. (qiskit),3928,3782,8551
999,9,127,4801,Ewout van den Berg (stim),6177,4395,12180
1000,10,127,4801,ours,5891,3966,11480
1001,10,127,4801,qiskit transpile,1581,1683,1533
1002,10,127,4801,Bravyi et al. (qiskit),3976,3899,8535
1003,10,127,4801,Ewout van den Berg (stim),6100,4287,12096
1004,11,127,4801,ours,5880,3997,11308
1005,11,127,4801,qiskit transpile,1569,1637,1593
1006,11,127,4801,Bravyi et al. (qiskit),3910,3928,8587
1007,11,127,4801,Ewout van den Berg (stim),6129,4290,12226
1008,12,127,4801,ours,5835,3965,11450
1009,12,127,4801,qiskit transpile,1608,1602,1587
1010,12,127,4801,Bravyi et al. (qiskit),3974,3864,8564
1011,12,127,4801,Ewout van den Berg (stim),6158,4399,12169
1012,13,127,4801,ours,5930,3921,11384
1013,13,127,4801,qiskit transpile,1584,1600,1609
1014,13,127,4801,Bravyi et al. (qiskit),4003,3888,8555
1015,13,127,4801,Ewout van den Berg (stim),6234,4317,12125
1016,14,127,4801,ours,5798,3863,11389
1017,14,127,4801,qiskit transpile,1602,1570,1623
1018,14,127,4801,Bravyi et al. (qiskit),3938,3884,8577
1019,14,127,4801,Ewout van den Berg (stim),6206,4324,12176
1020,15,127,4801,ours,5847,4009,11383
1021,15,127,4801,qiskit transpile,1558,1570,1673
1022,15,127,4801,Bravyi et al. (qiskit),3946,3856,8568
1023,15,127,4801,Ewout van den Berg (stim),6143,4389,12203
1024,16,127,4801,ours,5779,3895,11438
1025,16,127,4801,qiskit transpile,1610,1628,1559
1026,16,127,4801,Bravyi et al. (qiskit),3960,3874,8561
1027,16,127,4801,Ewout van den Berg (stim),6202,4239,12091
1028,17,127,4801,ours,5836,3904,11356
1029,17,127,4801,qiskit transpile,1565,1576,1654
1030,17,127,4801,Bravyi et al. (qiskit),4006,3897,8541
1031,17,127,4801,Ewout van den Berg (stim),6220,4300,12073
1032,18,127,4801,ours,5910,3978,11488
1033,18,127,4801,qiskit transpile,1652,1561,1586
1034,18,127,4801,Bravyi et al. (qiskit),3922,3943,8590
1035,18,127,4801,Ewout van den Berg (stim),6275,4340,12226
1036,19,127,4801,ours,5762,4010,11361
1037,19,127,4801,qiskit transpile,1620,1650,1531
1038,19,127,4801,Bravyi et al. (qiskit),3917,3893,8511
1039,19,127,4801,Ewout van den Berg (stim),6215,4374,12114
1040,0,127,5201,ours,5859,3949,11452
1041,0,127,5201,qiskit transpile,1739,1748,1710
1042,0,127,5201,Bravyi et al. (qiskit),3946,3805,8588
1043,0,127,5201,Ewout van den Berg (stim),6125,4245,12184
1044,1,127,5201,ours,5845,3997,11457
1045,1,127,5201,qiskit transpile,1783,1709,1709
1046,1,127,5201,Bravyi et al. (qiskit),3969,3905,8515
1047,1,127,5201,Ewout van den Berg (stim),6145,4278,12100
1048,2,127,5201,ours,5888,3979,11386
1049,2,127,5201,qiskit transpile,1657,1799,1739
1050,2,127,5201,Bravyi et al. (qiskit),3968,3773,8531
1051,2,127,5201,Ewout van den Berg (stim),6194,4401,12220
1052,3,127,5201,ours,5813,3981,11383
1053,3,127,5201,qiskit transpile,1688,1773,1740
1054,3,127,5201,Bravyi et al. (qiskit),3950,3858,8541
1055,3,127,5201,Ewout van den Berg (stim),6218,4304,12192
1056,4,127,5201,ours,5832,3937,11328
1057,4,127,5201,qiskit transpile,1754,1695,1752
1058,4,127,5201,Bravyi et al. (qiskit),3980,3913,8580
1059,4,127,5201,Ewout van den Berg (stim),6146,4319,12137
1060,5,127,5201,ours,5826,3984,11487
1061,5,127,5201,qiskit transpile,1769,1704,1724
1062,5,127,5201,Bravyi et al. (qiskit),3968,3823,8580
1063,5,127,5201,Ewout van den Berg (stim),6294,4242,12246
1064,6,127,5201,ours,5950,4003,11509
1065,6,127,5201,qiskit transpile,1704,1719,1776
1066,6,127,5201,Bravyi et al. (qiskit),3999,3889,8589
1067,6,127,5201,Ewout van den Berg (stim),6043,4407,12156
1068,7,127,5201,ours,5869,3987,11391
1069,7,127,5201,qiskit transpile,1757,1736,1702
1070,7,127,5201,Bravyi et al. (qiskit),3963,3955,8579
1071,7,127,5201,Ewout van den Berg (stim),6249,4313,12151
1072,8,127,5201,ours,5877,4037,11382
1073,8,127,5201,qiskit transpile,1694,1797,1710
1074,8,127,5201,Bravyi et al. (qiskit),3941,3781,8522
1075,8,127,5201,Ewout van den Berg (stim),6125,4261,12122
1076,9,127,5201,ours,5733,3937,11354
1077,9,127,5201,qiskit transpile,1700,1748,1749
1078,9,127,5201,Bravyi et al. (qiskit),3977,3912,8593
1079,9,127,5201,Ewout van den Berg (stim),6172,4271,12133
1080,10,127,5201,ours,6032,4000,11571
1081,10,127,5201,qiskit transpile,1723,1778,1696
1082,10,127,5201,Bravyi et al. (qiskit),3977,3842,8596
1083,10,127,5201,Ewout van den Berg (stim),6202,4244,12140
1084,11,127,5201,ours,5864,3938,11457
1085,11,127,5201,qiskit transpile,1731,1738,1728
1086,11,127,5201,Bravyi et al. (qiskit),3909,3786,8549
1087,11,127,5201,Ewout van den Berg (stim),6266,4342,12165
1088,12,127,5201,ours,5833,4075,11328
1089,12,127,5201,qiskit transpile,1736,1708,1753
1090,12,127,5201,Bravyi et al. (qiskit),3996,3810,8585
1091,12,127,5201,Ewout van den Berg (stim),6312,4340,12273
1092,13,127,5201,ours,5865,4025,11364
1093,13,127,5201,qiskit transpile,1677,1721,1803
1094,13,127,5201,Bravyi et al. (qiskit),3924,3865,8556
1095,13,127,5201,Ewout van den Berg (stim),6149,4331,12128
1096,14,127,5201,ours,5784,3867,11287
1097,14,127,5201,qiskit transpile,1700,1743,1756
1098,14,127,5201,Bravyi et al. (qiskit),4001,3811,8597
1099,14,127,5201,Ewout van den Berg (stim),6136,4277,12151
1100,15,127,5201,ours,5825,3943,11413
1101,15,127,5201,qiskit transpile,1724,1696,1775
1102,15,127,5201,Bravyi et al. (qiskit),3940,3892,8562
1103,15,127,5201,Ewout van den Berg (stim),6194,4373,12236
1104,16,127,5201,ours,5910,4069,11438
1105,16,127,5201,qiskit transpile,1788,1684,1727
1106,16,127,5201,Bravyi et al. (qiskit),4053,3799,8515
1107,16,127,5201,Ewout van den Berg (stim),6183,4263,12092
1108,17,127,5201,ours,5769,4040,11392
1109,17,127,5201,qiskit transpile,1729,1704,1764
1110,17,127,5201,Bravyi et al. (qiskit),3928,3852,8548
1111,17,127,5201,Ewout van den Berg (stim),6246,4438,12232
1112,18,127,5201,ours,5939,3924,11434
1113,18,127,5201,qiskit transpile,1717,1722,1758
1114,18,127,5201,Bravyi et al. (qiskit),3990,3905,8568
1115,18,127,5201,Ewout van den Berg (stim),6230,4374,12234
1116,19,127,5201,ours,5888,4033,11435
1117,19,127,5201,qiskit transpile,1725,1774,1698
1118,19,127,5201,Bravyi et al. (qiskit),3996,3872,8582
1119,19,127,5201,Ewout van den Berg (stim),6131,4217,12116
1120,0,127,5601,ours,5922,4096,11485
1121,0,127,5601,qiskit transpile,1900,1853,1844
1122,0,127,5601,Bravyi et al. (qiskit),3910,3896,8525
1123,0,127,5601,Ewout van den Berg (stim),6228,4282,12188
1124,1,127,5601,ours,5837,4006,11397
1125,1,127,5601,qiskit transpile,1892,1888,1817
1126,1,127,5601,Bravyi et al. (qiskit),3889,3774,8507
1127,1,127,5601,Ewout van den Berg (stim),6212,4309,12173
1128,2,127,5601,ours,5808,4034,11441
1129,2,127,5601,qiskit transpile,1817,1883,1897
1130,2,127,5601,Bravyi et al. (qiskit),3993,3882,8580
1131,2,127,5601,Ewout van den Berg (stim),6093,4289,12173
1132,3,127,5601,ours,5836,3892,11363
1133,3,127,5601,qiskit transpile,1862,1924,1809
1134,3,127,5601,Bravyi et al. (qiskit),3877,3800,8520
1135,3,127,5601,Ewout van den Berg (stim),6208,4354,12185
1136,4,127,5601,ours,5829,4003,11440
1137,4,127,5601,qiskit transpile,1884,1865,1850
1138,4,127,5601,Bravyi et al. (qiskit),3936,3816,8533
1139,4,127,5601,Ewout van den Berg (stim),6155,4325,12199
1140,5,127,5601,ours,5879,3933,11358
1141,5,127,5601,qiskit transpile,1870,1826,1903
1142,5,127,5601,Bravyi et al. (qiskit),3956,3829,8559
1143,5,127,5601,Ewout van den Berg (stim),6068,4235,12142
1144,6,127,5601,ours,5805,3959,11399
1145,6,127,5601,qiskit transpile,1813,1868,1916
1146,6,127,5601,Bravyi et al. (qiskit),4000,3829,8537
1147,6,127,5601,Ewout van den Berg (stim),6137,4286,12203
1148,7,127,5601,ours,5664,3920,11399
1149,7,127,5601,qiskit transpile,1838,1927,1836
1150,7,127,5601,Bravyi et al. (qiskit),4014,3906,8579
1151,7,127,5601,Ewout van den Berg (stim),6230,4443,12240
1152,8,127,5601,ours,5780,3942,11414
1153,8,127,5601,qiskit transpile,1882,1846,1871
1154,8,127,5601,Bravyi et al. (qiskit),3953,3862,8587
1155,8,127,5601,Ewout van den Berg (stim),6186,4384,12230
1156,9,127,5601,ours,5858,4056,11453
1157,9,127,5601,qiskit transpile,1849,1865,1883
1158,9,127,5601,Bravyi et al. (qiskit),3949,3834,8570
1159,9,127,5601,Ewout van den Berg (stim),6243,4318,12180
1160,10,127,5601,ours,5856,3978,11442
1161,10,127,5601,qiskit transpile,1841,1852,1900
1162,10,127,5601,Bravyi et al. (qiskit),3941,3808,8517
1163,10,127,5601,Ewout van den Berg (stim),6179,4347,12215
1164,11,127,5601,ours,5755,3956,11390
1165,11,127,5601,qiskit transpile,1887,1847,1861
1166,11,127,5601,Bravyi et al. (qiskit),4016,3886,8548
1167,11,127,5601,Ewout van den Berg (stim),6066,4279,12115
1168,12,127,5601,ours,5764,3976,11486
1169,12,127,5601,qiskit transpile,1827,1817,1949
1170,12,127,5601,Bravyi et al. (qiskit),4035,3870,8539
1171,12,127,5601,Ewout van den Berg (stim),6235,4390,12224
1172,13,127,5601,ours,5962,4065,11445
1173,13,127,5601,qiskit transpile,1923,1833,1845
1174,13,127,5601,Bravyi et al. (qiskit),3982,3926,8590
1175,13,127,5601,Ewout van den Berg (stim),6171,4264,12155
1176,14,127,5601,ours,5832,3893,11376
1177,14,127,5601,qiskit transpile,1792,1901,1904
1178,14,127,5601,Bravyi et al. (qiskit),3991,3885,8572
1179,14,127,5601,Ewout van den Berg (stim),6269,4401,12290
1180,15,127,5601,ours,5846,3986,11433
1181,15,127,5601,qiskit transpile,1842,1861,1896
1182,15,127,5601,Bravyi et al. (qiskit),3879,3869,8536
1183,15,127,5601,Ewout van den Berg (stim),6128,4227,12137
1184,16,127,5601,ours,5842,4064,11395
1185,16,127,5601,qiskit transpile,1882,1815,1902
1186,16,127,5601,Bravyi et al. (qiskit),3995,3832,8540
1187,16,127,5601,Ewout van den Berg (stim),6144,4183,12134
1188,17,127,5601,ours,5803,3898,11406
1189,17,127,5601,qiskit transpile,1897,1874,1824
1190,17,127,5601,Bravyi et al. (qiskit),3917,3845,8545
1191,17,127,5601,Ewout van den Berg (stim),6182,4319,12179
1192,18,127,5601,ours,5795,3993,11395
1193,18,127,5601,qiskit transpile,1858,1826,1913
1194,18,127,5601,Bravyi et al. (qiskit),3969,3873,8593
1195,18,127,5601,Ewout van den Berg (stim),6217,4222,12183
1196,19,127,5601,ours,5802,3926,11422
1197,19,127,5601,qiskit transpile,1903,1896,1800
1198,19,127,5601,Bravyi et al. (qiskit),3988,3855,8592
1199,19,127,5601,Ewout van den Berg (stim),6017,4359,12098
1200,0,127,6001,ours,5782,4040,11379
1201,0,127,6001,qiskit transpile,1976,1970,2049
1202,0,127,6001,Bravyi et al. (qiskit),3966,3883,8591
1203,0,127,6001,Ewout van den Berg (stim),6097,4249,12123
1204,1,127,6001,ours,5775,4073,11382
1205,1,127,6001,qiskit transpile,1981,2010,2004
1206,1,127,6001,Bravyi et al. (qiskit),4051,3879,8571
1207,1,127,6001,Ewout van den Berg (stim),6188,4311,12161
1208,2,127,6001,ours,5795,3852,11386
1209,2,127,6001,qiskit transpile,2010,1983,2006
1210,2,127,6001,Bravyi et al. (qiskit),3940,3773,8540
1211,2,127,6001,Ewout van den Berg (stim),6236,4273,12186
1212,3,127,6001,ours,5778,4002,11360
1213,3,127,6001,qiskit transpile,1995,2038,1964
1214,3,127,6001,Bravyi et al. (qiskit),3893,3819,8533
1215,3,127,6001,Ewout van den Berg (stim),6194,4342,12197
1216,4,127,6001,ours,5886,4000,11407
1217,4,127,6001,qiskit transpile,1977,1991,2027
1218,4,127,6001,Bravyi et al. (qiskit),3985,3819,8587
1219,4,127,6001,Ewout van den Berg (stim),6306,4334,12230
1220,5,127,6001,ours,5778,3948,11333
1221,5,127,6001,qiskit transpile,1983,1974,2038
1222,5,127,6001,Bravyi et al. (qiskit),4003,3872,8561
1223,5,127,6001,Ewout van den Berg (stim),6125,4342,12143
1224,6,127,6001,ours,5866,4035,11406
1225,6,127,6001,qiskit transpile,1991,1997,2013
1226,6,127,6001,Bravyi et al. (qiskit),3922,3822,8541
1227,6,127,6001,Ewout van den Berg (stim),6160,4358,12196
1228,7,127,6001,ours,5779,4021,11425
1229,7,127,6001,qiskit transpile,2042,1966,1991
1230,7,127,6001,Bravyi et al. (qiskit),3964,3928,8609
1231,7,127,6001,Ewout van den Berg (stim),6150,4243,12145
1232,8,127,6001,ours,5791,3979,11426
1233,8,127,6001,qiskit transpile,2024,1921,2048
1234,8,127,6001,Bravyi et al. (qiskit),3962,3829,8571
1235,8,127,6001,Ewout van den Berg (stim),6166,4319,12142
1236,9,127,6001,ours,5804,3990,11399
1237,9,127,6001,qiskit transpile,2007,1979,2015
1238,9,127,6001,Bravyi et al. (qiskit),3972,3833,8509
1239,9,127,6001,Ewout van den Berg (stim),6262,4312,12119
1240,10,127,6001,ours,5790,3908,11348
1241,10,127,6001,qiskit transpile,2005,1969,2023
1242,10,127,6001,Bravyi et al. (qiskit),3978,3870,8573
1243,10,127,6001,Ewout van den Berg (stim),6170,4309,12177
1244,11,127,6001,ours,5726,3999,11376
1245,11,127,6001,qiskit transpile,1973,2030,1994
1246,11,127,6001,Bravyi et al. (qiskit),3947,3918,8547
1247,11,127,6001,Ewout van den Berg (stim),6252,4317,12171
1248,12,127,6001,ours,5827,3883,11396
1249,12,127,6001,qiskit transpile,1993,1969,2037
1250,12,127,6001,Bravyi et al. (qiskit),3966,3810,8551
1251,12,127,6001,Ewout van den Berg (stim),6208,4260,12209
1252,13,127,6001,ours,5834,3990,11430
1253,13,127,6001,qiskit transpile,1896,2123,1980
1254,13,127,6001,Bravyi et al. (qiskit),3906,3865,8581
1255,13,127,6001,Ewout van den Berg (stim),6244,4365,12276
1256,14,127,6001,ours,5766,3984,11426
1257,14,127,6001,qiskit transpile,2015,1963,2017
1258,14,127,6001,Bravyi et al. (qiskit),4018,3933,8582
1259,14,127,6001,Ewout van den Berg (stim),6176,4300,12161
1260,15,127,6001,ours,5916,3975,11450
1261,15,127,6001,qiskit transpile,2011,2011,1975
1262,15,127,6001,Bravyi et al. (qiskit),4015,3957,8600
1263,15,127,6001,Ewout van den Berg (stim),6105,4302,12207
1264,16,127,6001,ours,5783,3965,11426
1265,16,127,6001,qiskit transpile,1974,2003,2020
1266,16,127,6001,Bravyi et al. (qiskit),3955,3816,8582
1267,16,127,6001,Ewout van den Berg (stim),6286,4443,12253
1268,17,127,6001,ours,5793,3931,11459
1269,17,127,6001,qiskit transpile,2070,1966,1959
1270,17,127,6001,Bravyi et al. (qiskit),3917,3832,8570
1271,17,127,6001,Ewout van den Berg (stim),6286,4373,12212
1272,18,127,6001,ours,5831,3998,11509
1273,18,127,6001,qiskit transpile,2018,2003,1980
1274,18,127,6001,Bravyi et al. (qiskit),3982,3847,8604
1275,18,127,6001,Ewout van den Berg (stim),6279,4325,12253
1276,19,127,6001,ours,5798,3918,11425
1277,19,127,6001,qiskit transpile,1955,2044,2000
1278,19,127,6001,Bravyi et al. (qiskit),3944,3911,8561
1279,19,127,6001,Ewout van den Berg (stim),6246,4330,12056
1280,0,127,6401,ours,5791,3991,11460
1281,0,127,6401,qiskit transpile,2176,2124,2099
1282,0,127,6401,Bravyi et al. (qiskit),3970,3849,8546
1283,0,127,6401,Ewout van den Berg (stim),6155,4281,12101
1284,1,127,6401,ours,5870,4065,11385
1285,1,127,6401,qiskit transpile,2117,2110,2168
1286,1,127,6401,Bravyi et al. (qiskit),3942,3898,8553
1287,1,127,6401,Ewout van den Berg (stim),6185,4303,12172
1288,2,127,6401,ours,5845,3994,11450
1289,2,127,6401,qiskit transpile,2188,2077,2136
1290,2,127,6401,Bravyi et al. (qiskit),3943,3830,8541
1291,2,127,6401,Ewout van den Berg (stim),6291,4313,12228
1292,3,127,6401,ours,5952,3908,11342
1293,3,127,6401,qiskit transpile,2135,2160,2104
1294,3,127,6401,Bravyi et al. (qiskit),3910,3835,8544
1295,3,127,6401,Ewout van den Berg (stim),6148,4339,12171
1296,4,127,6401,ours,5841,3985,11459
1297,4,127,6401,qiskit transpile,2118,2134,2145
1298,4,127,6401,Bravyi et al. (qiskit),3949,3848,8528
1299,4,127,6401,Ewout van den Berg (stim),6291,4237,12255
1300,5,127,6401,ours,5888,4046,11444
1301,5,127,6401,qiskit transpile,2123,2155,2117
1302,5,127,6401,Bravyi et al. (qiskit),3999,3882,8554
1303,5,127,6401,Ewout van den Berg (stim),6184,4289,12204
1304,6,127,6401,ours,5862,3935,11353
1305,6,127,6401,qiskit transpile,2112,2153,2134
1306,6,127,6401,Bravyi et al. (qiskit),3948,3812,8557
1307,6,127,6401,Ewout van den Berg (stim),6195,4319,12205
1308,7,127,6401,ours,5780,3919,11286
1309,7,127,6401,qiskit transpile,2061,2183,2153
1310,7,127,6401,Bravyi et al. (qiskit),4030,3907,8578
1311,7,127,6401,Ewout van den Berg (stim),6082,4307,12026
1312,8,127,6401,ours,5888,3947,11404
1313,8,127,6401,qiskit transpile,2147,2149,2093
1314,8,127,6401,Bravyi et al. (qiskit),3996,3794,8553
1315,8,127,6401,Ewout van den Berg (stim),6235,4331,12144
1316,9,127,6401,ours,5873,4023,11397
1317,9,127,6401,qiskit transpile,2162,2148,2085
1318,9,127,6401,Bravyi et al. (qiskit),4081,3827,8530
1319,9,127,6401,Ewout van den Berg (stim),6261,4352,12226
1320,10,127,6401,ours,5834,4036,11448
1321,10,127,6401,qiskit transpile,2156,2113,2130
1322,10,127,6401,Bravyi et al. (qiskit),4023,3931,8593
1323,10,127,6401,Ewout van den Berg (stim),6223,4334,12203
1324,11,127,6401,ours,5938,3969,11429
1325,11,127,6401,qiskit transpile,2112,2146,2139
1326,11,127,6401,Bravyi et al. (qiskit),3987,3880,8557
1327,11,127,6401,Ewout van den Berg (stim),6255,4339,12199
1328,12,127,6401,ours,5829,3988,11415
1329,12,127,6401,qiskit transpile,2164,2153,2078
1330,12,127,6401,Bravyi et al. (qiskit),3958,3919,8515
1331,12,127,6401,Ewout van den Berg (stim),6195,4321,12257
1332,13,127,6401,ours,5887,4016,11481
1333,13,127,6401,qiskit transpile,2143,2138,2116
1334,13,127,6401,Bravyi et al. (qiskit),3976,3803,8541
1335,13,127,6401,Ewout van den Berg (stim),6384,4353,12280
1336,14,127,6401,ours,5841,3948,11399
1337,14,127,6401,qiskit transpile,2116,2163,2122
1338,14,127,6401,Bravyi et al. (qiskit),3933,3824,8536
1339,14,127,6401,Ewout van den Berg (stim),6345,4337,12257
1340,15,127,6401,ours,5854,4083,11363
1341,15,127,6401,qiskit transpile,2216,2078,2095
1342,15,127,6401,Bravyi et al. (qiskit),3948,3860,8539
1343,15,127,6401,Ewout van den Berg (stim),6184,4360,12094
1344,16,127,6401,ours,5895,4034,11498
1345,16,127,6401,qiskit transpile,2139,2104,2152
1346,16,127,6401,Bravyi et al. (qiskit),3949,3799,8541
1347,16,127,6401,Ewout van den Berg (stim),6192,4365,12206
1348,17,127,6401,ours,5769,3953,11425
1349,17,127,6401,qiskit transpile,2105,2161,2127
1350,17,127,6401,Bravyi et al. (qiskit),4060,3910,8556
1351,17,127,6401,Ewout van den Berg (stim),6299,4328,12225
1352,18,127,6401,ours,5821,3876,11371
1353,18,127,6401,qiskit transpile,2116,2147,2134
1354,18,127,6401,Bravyi et al. (qiskit),4004,3830,8556
1355,18,127,6401,Ewout van den Berg (stim),6319,4295,12266
1356,19,127,6401,ours,5789,3867,11309
1357,19,127,6401,qiskit transpile,2136,2144,2119
1358,19,127,6401,Bravyi et al. (qiskit),3985,3726,8543
1359,19,127,6401,Ewout van den Berg (stim),6059,4386,12181
1360,0,127,6801,ours,5832,3940,11322
1361,0,127,6801,qiskit transpile,2246,2290,2257
1362,0,127,6801,Bravyi et al. (qiskit),3968,3803,8544
1363,0,127,6801,Ewout van den Berg (stim),6142,4377,12158
1364,1,127,6801,ours,5828,3982,11473
1365,1,127,6801,qiskit transpile,2206,2332,2255
1366,1,127,6801,Bravyi et al. (qiskit),3915,3883,8573
1367,1,127,6801,Ewout van den Berg (stim),6190,4347,12142
1368,2,127,6801,ours,5775,3984,11495
1369,2,127,6801,qiskit transpile,2262,2244,2291
1370,2,127,6801,Bravyi et al. (qiskit),3975,3812,8547
1371,2,127,6801,Ewout van den Berg (stim),6132,4229,12082
1372,3,127,6801,ours,5897,4068,11440
1373,3,127,6801,qiskit transpile,2170,2323,2304
1374,3,127,6801,Bravyi et al. (qiskit),3979,3886,8539
1375,3,127,6801,Ewout van den Berg (stim),6186,4269,12204
1376,4,127,6801,ours,5855,3925,11419
1377,4,127,6801,qiskit transpile,2181,2269,2351
1378,4,127,6801,Bravyi et al. (qiskit),3933,3844,8546
1379,4,127,6801,Ewout van den Berg (stim),6202,4371,12218
1380,5,127,6801,ours,5704,3980,11401
1381,5,127,6801,qiskit transpile,2244,2232,2323
1382,5,127,6801,Bravyi et al. (qiskit),3997,3819,8554
1383,5,127,6801,Ewout van den Berg (stim),6158,4386,12185
1384,6,127,6801,ours,5690,3952,11379
1385,6,127,6801,qiskit transpile,2309,2274,2212
1386,6,127,6801,Bravyi et al. (qiskit),4006,3861,8551
1387,6,127,6801,Ewout van den Berg (stim),6111,4169,12077
1388,7,127,6801,ours,5902,3948,11445
1389,7,127,6801,qiskit transpile,2329,2140,2330
1390,7,127,6801,Bravyi et al. (qiskit),3973,3834,8584
1391,7,127,6801,Ewout van den Berg (stim),6143,4343,12107
1392,8,127,6801,ours,5830,4037,11488
1393,8,127,6801,qiskit transpile,2310,2239,2248
1394,8,127,6801,Bravyi et al. (qiskit),3958,3851,8587
1395,8,127,6801,Ewout van den Berg (stim),6178,4355,12196
1396,9,127,6801,ours,5843,4065,11454
1397,9,127,6801,qiskit transpile,2314,2298,2181
1398,9,127,6801,Bravyi et al. (qiskit),3956,3905,8580
1399,9,127,6801,Ewout van den Berg (stim),6148,4428,12175
1400,10,127,6801,ours,5904,3994,11415
1401,10,127,6801,qiskit transpile,2297,2238,2260
1402,10,127,6801,Bravyi et al. (qiskit),3960,3877,8547
1403,10,127,6801,Ewout van den Berg (stim),6058,4293,12140
1404,11,127,6801,ours,5736,3899,11337
1405,11,127,6801,qiskit transpile,2332,2238,2227
1406,11,127,6801,Bravyi et al. (qiskit),3966,3869,8545
1407,11,127,6801,Ewout van den Berg (stim),6141,4337,12242
1408,12,127,6801,ours,5931,4020,11473
1409,12,127,6801,qiskit transpile,2351,2205,2237
1410,12,127,6801,Bravyi et al. (qiskit),3889,3844,8536
1411,12,127,6801,Ewout van den Berg (stim),6211,4373,12107
1412,13,127,6801,ours,5822,4062,11446
1413,13,127,6801,qiskit transpile,2263,2314,2216
1414,13,127,6801,Bravyi et al. (qiskit),4031,3913,8541
1415,13,127,6801,Ewout van den Berg (stim),6127,4336,12207
1416,14,127,6801,ours,5786,3921,11351
1417,14,127,6801,qiskit transpile,2299,2271,2227
1418,14,127,6801,Bravyi et al. (qiskit),4001,3930,8545
1419,14,127,6801,Ewout van den Berg (stim),6147,4340,12189
1420,15,127,6801,ours,5931,4076,11467
1421,15,127,6801,qiskit transpile,2251,2326,2224
1422,15,127,6801,Bravyi et al. (qiskit),3982,3849,8610
1423,15,127,6801,Ewout van den Berg (stim),6185,4434,12244
1424,16,127,6801,ours,5885,4045,11455
1425,16,127,6801,qiskit transpile,2268,2232,2295
1426,16,127,6801,Bravyi et al. (qiskit),3989,3912,8554
1427,16,127,6801,Ewout van den Berg (stim),6267,4375,12115
1428,17,127,6801,ours,5893,3932,11434
1429,17,127,6801,qiskit transpile,2224,2336,2239
1430,17,127,6801,Bravyi et al. (qiskit),3930,3840,8557
1431,17,127,6801,Ewout van den Berg (stim),6095,4336,12215
1432,18,127,6801,ours,5868,3966,11518
1433,18,127,6801,qiskit transpile,2271,2226,2302
1434,18,127,6801,Bravyi et al. (qiskit),3950,3856,8595
1435,18,127,6801,Ewout van den Berg (stim),6135,4328,12205
1436,19,127,6801,ours,5936,3920,11429
1437,19,127,6801,qiskit transpile,2267,2244,2284
1438,19,127,6801,Bravyi et al. (qiskit),3972,3799,8588
1439,19,127,6801,Ewout van den Berg (stim),6155,4348,12164
1440,0,127,7201,ours,5743,3999,11343
1441,0,127,7201,qiskit transpile,2449,2384,2366
1442,0,127,7201,Bravyi et al. (qiskit),3935,3837,8558
1443,0,127,7201,Ewout van den Berg (stim),6216,4301,12171
1444,1,127,7201,ours,5837,4013,11360
1445,1,127,7201,qiskit transpile,2337,2380,2474
1446,1,127,7201,Bravyi et al. (qiskit),3960,3831,8549
1447,1,127,7201,Ewout van den Berg (stim),6225,4216,12291
1448,2,127,7201,ours,5801,3992,11402
1449,2,127,7201,qiskit transpile,2455,2392,2348
1450,2,127,7201,Bravyi et al. (qiskit),3893,3845,8520
1451,2,127,7201,Ewout van den Berg (stim),6190,4215,12161
1452,3,127,7201,ours,5820,3953,11461
1453,3,127,7201,qiskit transpile,2388,2411,2396
1454,3,127,7201,Bravyi et al. (qiskit),3991,3892,8579
1455,3,127,7201,Ewout van den Berg (stim),6253,4387,12199
1456,4,127,7201,ours,5860,3933,11429
1457,4,127,7201,qiskit transpile,2333,2479,2385
1458,4,127,7201,Bravyi et al. (qiskit),3940,3795,8523
1459,4,127,7201,Ewout van den Berg (stim),6186,4303,12168
1460,5,127,7201,ours,5817,3964,11424
1461,5,127,7201,qiskit transpile,2376,2360,2457
1462,5,127,7201,Bravyi et al. (qiskit),3977,3865,8572
1463,5,127,7201,Ewout van den Berg (stim),6165,4247,12096
1464,6,127,7201,ours,5879,3965,11445
1465,6,127,7201,qiskit transpile,2435,2336,2426
1466,6,127,7201,Bravyi et al. (qiskit),3989,3760,8554
1467,6,127,7201,Ewout van den Berg (stim),6236,4334,12177
1468,7,127,7201,ours,5839,4088,11446
1469,7,127,7201,qiskit transpile,2346,2376,2473
1470,7,127,7201,Bravyi et al. (qiskit),4000,3817,8580
1471,7,127,7201,Ewout van den Berg (stim),6207,4333,12207
1472,8,127,7201,ours,5814,3960,11406
1473,8,127,7201,qiskit transpile,2357,2414,2424
1474,8,127,7201,Bravyi et al. (qiskit),3953,3848,8576
1475,8,127,7201,Ewout van den Berg (stim),6108,4329,12082
1476,9,127,7201,ours,5849,4005,11486
1477,9,127,7201,qiskit transpile,2406,2447,2338
1478,9,127,7201,Bravyi et al. (qiskit),3968,3811,8553
1479,9,127,7201,Ewout van den Berg (stim),6134,4332,12162
1480,10,127,7201,ours,5719,4024,11280
1481,10,127,7201,qiskit transpile,2428,2355,2416
1482,10,127,7201,Bravyi et al. (qiskit),4062,3890,8577
1483,10,127,7201,Ewout van den Berg (stim),6106,4333,12130
1484,11,127,7201,ours,5805,3867,11356
1485,11,127,7201,qiskit transpile,2379,2448,2370
1486,11,127,7201,Bravyi et al. (qiskit),3988,3817,8504
1487,11,127,7201,Ewout van den Berg (stim),6306,4437,12272
1488,12,127,7201,ours,5818,4054,11416
1489,12,127,7201,qiskit transpile,2355,2410,2434
1490,12,127,7201,Bravyi et al. (qiskit),4061,3890,8551
1491,12,127,7201,Ewout van den Berg (stim),6199,4325,12146
1492,13,127,7201,ours,5827,3950,11488
1493,13,127,7201,qiskit transpile,2371,2395,2435
1494,13,127,7201,Bravyi et al. (qiskit),3981,3856,8556
1495,13,127,7201,Ewout van den Berg (stim),6125,4340,12167
1496,14,127,7201,ours,5766,3927,11438
1497,14,127,7201,qiskit transpile,2391,2367,2439
1498,14,127,7201,Bravyi et al. (qiskit),3976,3778,8548
1499,14,127,7201,Ewout van den Berg (stim),6280,4311,12181
1500,15,127,7201,ours,5818,3934,11388
1501,15,127,7201,qiskit transpile,2480,2371,2346
1502,15,127,7201,Bravyi et al. (qiskit),3994,3836,8586
1503,15,127,7201,Ewout van den Berg (stim),6086,4308,12162
1504,16,127,7201,ours,5888,3842,11328
1505,16,127,7201,qiskit transpile,2411,2406,2380
1506,16,127,7201,Bravyi et al. (qiskit),3970,3788,8556
1507,16,127,7201,Ewout van den Berg (stim),6267,4264,12174
1508,17,127,7201,ours,5817,3972,11302
1509,17,127,7201,qiskit transpile,2347,2371,2477
1510,17,127,7201,Bravyi et al. (qiskit),3946,3771,8536
1511,17,127,7201,Ewout van den Berg (stim),6310,4380,12257
1512,18,127,7201,ours,5998,4025,11479
1513,18,127,7201,qiskit transpile,2442,2401,2358
1514,18,127,7201,Bravyi et al. (qiskit),3962,3723,8525
1515,18,127,7201,Ewout van den Berg (stim),6199,4344,12260
1516,19,127,7201,ours,5796,4011,11454
1517,19,127,7201,qiskit transpile,2418,2371,2412
1518,19,127,7201,Bravyi et al. (qiskit),3954,3862,8575
1519,19,127,7201,Ewout van den Berg (stim),6217,4350,12163
1520,0,127,7601,ours,5790,4055,11416
1521,0,127,7601,qiskit transpile,2463,2570,2562
1522,0,127,7601,Bravyi et al. (qiskit),3991,3826,8576
1523,0,127,7601,Ewout van den Berg (stim),6218,4278,12147
1524,1,127,7601,ours,5868,4051,11421
1525,1,127,7601,qiskit transpile,2531,2576,2492
1526,1,127,7601,Bravyi et al. (qiskit),3899,3858,8556
1527,1,127,7601,Ewout van den Berg (stim),6224,4403,12157
1528,2,127,7601,ours,5792,4001,11421
1529,2,127,7601,qiskit transpile,2565,2547,2487
1530,2,127,7601,Bravyi et al. (qiskit),4022,3856,8569
1531,2,127,7601,Ewout van den Berg (stim),6248,4336,12217
1532,3,127,7601,ours,5857,4014,11371
1533,3,127,7601,qiskit transpile,2559,2530,2506
1534,3,127,7601,Bravyi et al. (qiskit),3977,3936,8584
1535,3,127,7601,Ewout van den Berg (stim),6190,4287,12144
1536,4,127,7601,ours,5884,4042,11495
1537,4,127,7601,qiskit transpile,2537,2503,2557
1538,4,127,7601,Bravyi et al. (qiskit),3971,3899,8598
1539,4,127,7601,Ewout van den Berg (stim),6247,4240,12172
1540,5,127,7601,ours,5857,3937,11389
1541,5,127,7601,qiskit transpile,2480,2648,2465
1542,5,127,7601,Bravyi et al. (qiskit),3923,3800,8557
1543,5,127,7601,Ewout van den Berg (stim),6189,4332,12204
1544,6,127,7601,ours,5875,3930,11409
1545,6,127,7601,qiskit transpile,2530,2551,2518
1546,6,127,7601,Bravyi et al. (qiskit),3907,3901,8510
1547,6,127,7601,Ewout van den Berg (stim),6276,4364,12293
1548,7,127,7601,ours,5876,3900,11455
1549,7,127,7601,qiskit transpile,2590,2538,2463
1550,7,127,7601,Bravyi et al. (qiskit),3957,3881,8540
1551,7,127,7601,Ewout van den Berg (stim),6181,4239,12225
1552,8,127,7601,ours,5879,4030,11396
1553,8,127,7601,qiskit transpile,2555,2482,2554
1554,8,127,7601,Bravyi et al. (qiskit),3939,3871,8540
1555,8,127,7601,Ewout van den Berg (stim),6120,4225,12075
1556,9,127,7601,ours,5862,4010,11375
1557,9,127,7601,qiskit transpile,2497,2544,2552
1558,9,127,7601,Bravyi et al. (qiskit),3993,3768,8539
1559,9,127,7601,Ewout van den Berg (stim),6180,4261,12139
1560,10,127,7601,ours,5870,3960,11294
1561,10,127,7601,qiskit transpile,2573,2494,2532
1562,10,127,7601,Bravyi et al. (qiskit),3889,3868,8545
1563,10,127,7601,Ewout van den Berg (stim),6264,4331,12202
1564,11,127,7601,ours,5903,4040,11419
1565,11,127,7601,qiskit transpile,2569,2466,2562
1566,11,127,7601,Bravyi et al. (qiskit),3980,3882,8577
1567,11,127,7601,Ewout van den Berg (stim),6151,4264,12127
1568,12,127,7601,ours,5781,4078,11352
1569,12,127,7601,qiskit transpile,2570,2472,2549
1570,12,127,7601,Bravyi et al. (qiskit),3971,3820,8528
1571,12,127,7601,Ewout van den Berg (stim),6130,4302,12193
1572,13,127,7601,ours,5877,4001,11454
1573,13,127,7601,qiskit transpile,2567,2520,2510
1574,13,127,7601,Bravyi et al. (qiskit),3965,3878,8510
1575,13,127,7601,Ewout van den Berg (stim),6186,4201,12144
1576,14,127,7601,ours,5951,4006,11439
1577,14,127,7601,qiskit transpile,2566,2537,2494
1578,14,127,7601,Bravyi et al. (qiskit),4017,3799,8601
1579,14,127,7601,Ewout van den Berg (stim),6224,4462,12196
1580,15,127,7601,ours,5836,3975,11374
1581,15,127,7601,qiskit transpile,2516,2550,2531
1582,15,127,7601,Bravyi et al. (qiskit),3978,3855,8565
1583,15,127,7601,Ewout van den Berg (stim),6221,4311,12148
1584,16,127,7601,ours,5813,3898,11432
1585,16,127,7601,qiskit transpile,2550,2560,2487
1586,16,127,7601,Bravyi et al. (qiskit),3944,3805,8575
1587,16,127,7601,Ewout van den Berg (stim),6233,4352,12214
1588,17,127,7601,ours,5873,4035,11417
1589,17,127,7601,qiskit transpile,2540,2509,2550
1590,17,127,7601,Bravyi et al. (qiskit),3798,3753,8573
1591,17,127,7601,Ewout van den Berg (stim),6137,4257,12110
1592,18,127,7601,ours,5830,4033,11395
1593,18,127,7601,qiskit transpile,2504,2568,2529
1594,18,127,7601,Bravyi et al. (qiskit),3928,3923,8566
1595,18,127,7601,Ewout van den Berg (stim),6189,4301,12192
1596,19,127,7601,ours,5825,3983,11420
1597,19,127,7601,qiskit transpile,2566,2455,2578
1598,19,127,7601,Bravyi et al. (qiskit),3972,3874,8559
1599,19,127,7601,Ewout van den Berg (stim),6247,4296,12218
1600,0,127,8001,ours,5860,3981,11394
1601,0,127,8001,qiskit transpile,2666,2589,2744
1602,0,127,8001,Bravyi et al. (qiskit),4013,3885,8573
1603,0,127,8001,Ewout van den Berg (stim),6126,4270,12149
1604,1,127,8001,ours,5911,3958,11443
1605,1,127,8001,qiskit transpile,2627,2687,2683
1606,1,127,8001,Bravyi et al. (qiskit),3948,3856,8572
1607,1,127,8001,Ewout van den Berg (stim),6038,4308,12156
1608,2,127,8001,ours,5860,3960,11381
1609,2,127,8001,qiskit transpile,2597,2701,2699
1610,2,127,8001,Bravyi et al. (qiskit),4019,3936,8554
1611,2,127,8001,Ewout van den Berg (stim),6100,4185,12151
1612,3,127,8001,ours,5767,4069,11429
1613,3,127,8001,qiskit transpile,2680,2647,2672
1614,3,127,8001,Bravyi et al. (qiskit),3983,3925,8573
1615,3,127,8001,Ewout van den Berg (stim),6114,4246,12092
1616,4,127,8001,ours,5844,3916,11465
1617,4,127,8001,qiskit transpile,2642,2714,2643
1618,4,127,8001,Bravyi et al. (qiskit),3933,3843,8551
1619,4,127,8001,Ewout van den Berg (stim),6130,4325,12080
1620,5,127,8001,ours,5867,3963,11396
1621,5,127,8001,qiskit transpile,2699,2664,2634
1622,5,127,8001,Bravyi et al. (qiskit),3982,3857,8562
1623,5,127,8001,Ewout van den Berg (stim),6153,4285,12186
1624,6,127,8001,ours,5851,3996,11333
1625,6,127,8001,qiskit transpile,2647,2640,2708
1626,6,127,8001,Bravyi et al. (qiskit),3900,3824,8542
1627,6,127,8001,Ewout van den Berg (stim),6262,4355,12206
1628,7,127,8001,ours,5772,3940,11366
1629,7,127,8001,qiskit transpile,2674,2711,2614
1630,7,127,8001,Bravyi et al. (qiskit),3966,3754,8544
1631,7,127,8001,Ewout van den Berg (stim),6201,4306,12250
1632,8,127,8001,ours,5735,3949,11327
1633,8,127,8001,qiskit transpile,2662,2664,2669
1634,8,127,8001,Bravyi et al. (qiskit),3932,3968,8563
1635,8,127,8001,Ewout van den Berg (stim),6272,4336,12087
1636,9,127,8001,ours,5939,3941,11516
1637,9,127,8001,qiskit transpile,2634,2684,2679
1638,9,127,8001,Bravyi et al. (qiskit),3934,3763,8514
1639,9,127,8001,Ewout van den Berg (stim),6169,4218,12136
1640,10,127,8001,ours,5796,3934,11358
1641,10,127,8001,qiskit transpile,2624,2758,2617
1642,10,127,8001,Bravyi et al. (qiskit),3992,3737,8565
1643,10,127,8001,Ewout van den Berg (stim),6258,4327,12149
1644,11,127,8001,ours,5748,3938,11452
1645,11,127,8001,qiskit transpile,2690,2709,2600
1646,11,127,8001,Bravyi et al. (qiskit),4017,3818,8532
1647,11,127,8001,Ewout van den Berg (stim),6178,4307,12135
1648,12,127,8001,ours,5827,4005,11456
1649,12,127,8001,qiskit transpile,2652,2681,2662
1650,12,127,8001,Bravyi et al. (qiskit),3934,3768,8582
1651,12,127,8001,Ewout van den Berg (stim),6219,4309,12107
1652,13,127,8001,ours,5934,4005,11394
1653,13,127,8001,qiskit transpile,2628,2688,2679
1654,13,127,8001,Bravyi et al. (qiskit),3980,3947,8614
1655,13,127,8001,Ewout van den Berg (stim),6176,4317,12138
1656,14,127,8001,ours,5972,3994,11455
1657,14,127,8001,qiskit transpile,2559,2807,2629
1658,14,127,8001,Bravyi et al. (qiskit),3942,3824,8555
1659,14,127,8001,Ewout van den Berg (stim),6193,4405,12148
1660,15,127,8001,ours,5954,3922,11373
1661,15,127,8001,qiskit transpile,2713,2657,2627
1662,15,127,8001,Bravyi et al. (qiskit),4007,3760,8598
1663,15,127,8001,Ewout van den Berg (stim),6125,4325,12074
1664,16,127,8001,ours,5745,4000,11434
1665,16,127,8001,qiskit transpile,2710,2676,2609
1666,16,127,8001,Bravyi et al. (qiskit),3915,3813,8553
1667,16,127,8001,Ewout van den Berg (stim),6280,4329,12211
1668,17,127,8001,ours,5773,3949,11426
1669,17,127,8001,qiskit transpile,2669,2699,2629
1670,17,127,8001,Bravyi et al. (qiskit),3985,3753,8541
1671,17,127,8001,Ewout van den Berg (stim),6258,4355,12109
1672,18,127,8001,ours,5822,3983,11379
1673,18,127,8001,qiskit transpile,2700,2733,2566
1674,18,127,8001,Bravyi et al. (qiskit),3982,3855,8530
1675,18,127,8001,Ewout van den Berg (stim),6179,4436,12210
1676,19,127,8001,ours,5809,3974,11391
1677,19,127,8001,qiskit transpile,2712,2651,2636
1678,19,127,8001,Bravyi et al. (qiskit),3977,3923,8551
1679,19,127,8001,Ewout van den Berg (stim),6056,4318,12151
1680,0,127,8401,ours,5839,4034,11360
1681,0,127,8401,qiskit transpile,2792,2827,2780
1682,0,127,8401,Bravyi et al. (qiskit),3950,3769,8552
1683,0,127,8401,Ewout van den Berg (stim),6189,4378,12152
1684,1,127,8401,ours,5764,4111,11449
1685,1,127,8401,qiskit transpile,2813,2802,2782
1686,1,127,8401,Bravyi et al. (qiskit),3974,3806,8592
1687,1,127,8401,Ewout van den Berg (stim),6247,4382,12143
1688,2,127,8401,ours,5900,4017,11437
1689,2,127,8401,qiskit transpile,2849,2773,2777
1690,2,127,8401,Bravyi et al. (qiskit),3983,3889,8515
1691,2,127,8401,Ewout van den Berg (stim),6205,4268,12116
1692,3,127,8401,ours,5790,3898,11418
1693,3,127,8401,qiskit transpile,2738,2864,2791
1694,3,127,8401,Bravyi et al. (qiskit),4024,3906,8523
1695,3,127,8401,Ewout van den Berg (stim),6228,4276,12217
1696,4,127,8401,ours,5829,3914,11462
1697,4,127,8401,qiskit transpile,2841,2764,2794
1698,4,127,8401,Bravyi et al. (qiskit),3957,3845,8562
1699,4,127,8401,Ewout van den Berg (stim),6337,4303,12300
1700,5,127,8401,ours,5844,4041,11467
1701,5,127,8401,qiskit transpile,2905,2802,2690
1702,5,127,8401,Bravyi et al. (qiskit),3974,3899,8561
1703,5,127,8401,Ewout van den Berg (stim),6178,4354,12207
1704,6,127,8401,ours,5785,4031,11435
1705,6,127,8401,qiskit transpile,2804,2803,2786
1706,6,127,8401,Bravyi et al. (qiskit),3877,3784,8572
1707,6,127,8401,Ewout van den Berg (stim),6084,4168,12093
1708,7,127,8401,ours,5929,4063,11443
1709,7,127,8401,qiskit transpile,2804,2871,2724
1710,7,127,8401,Bravyi et al. (qiskit),3957,3775,8545
1711,7,127,8401,Ewout van den Berg (stim),6263,4314,12188
1712,8,127,8401,ours,5793,3887,11423
1713,8,127,8401,qiskit transpile,2821,2738,2840
1714,8,127,8401,Bravyi et al. (qiskit),3947,3811,8537
1715,8,127,8401,Ewout van den Berg (stim),6165,4294,12070
1716,9,127,8401,ours,5828,3977,11450
1717,9,127,8401,qiskit transpile,2837,2777,2779
1718,9,127,8401,Bravyi et al. (qiskit),3989,3833,8617
1719,9,127,8401,Ewout van den Berg (stim),6163,4306,12112
1720,10,127,8401,ours,5735,3929,11421
1721,10,127,8401,qiskit transpile,2759,2834,2804
1722,10,127,8401,Bravyi et al. (qiskit),3922,3969,8480
1723,10,127,8401,Ewout van den Berg (stim),6280,4403,12290
1724,11,127,8401,ours,5844,4036,11420
1725,11,127,8401,qiskit transpile,2774,2801,2816
1726,11,127,8401,Bravyi et al. (qiskit),4013,3894,8566
1727,11,127,8401,Ewout van den Berg (stim),6218,4367,12219
1728,12,127,8401,ours,5809,4036,11398
1729,12,127,8401,qiskit transpile,2723,2835,2843
1730,12,127,8401,Bravyi et al. (qiskit),4052,3816,8515
1731,12,127,8401,Ewout van den Berg (stim),6169,4149,12163
1732,13,127,8401,ours,5838,4048,11418
1733,13,127,8401,qiskit transpile,2747,2810,2842
1734,13,127,8401,Bravyi et al. (qiskit),3995,3821,8544
1735,13,127,8401,Ewout van den Berg (stim),6149,4212,12184
1736,14,127,8401,ours,5892,3907,11455
1737,14,127,8401,qiskit transpile,2782,2769,2844
1738,14,127,8401,Bravyi et al. (qiskit),3965,3886,8541
1739,14,127,8401,Ewout van den Berg (stim),6248,4304,12188
1740,15,127,8401,ours,5895,4010,11437
1741,15,127,8401,qiskit transpile,2739,2879,2775
1742,15,127,8401,Bravyi et al. (qiskit),3962,3904,8520
1743,15,127,8401,Ewout van den Berg (stim),6159,4302,12202
1744,16,127,8401,ours,5930,3928,11494
1745,16,127,8401,qiskit transpile,2736,2850,2807
1746,16,127,8401,Bravyi et al. (qiskit),4000,3819,8556
1747,16,127,8401,Ewout van den Berg (stim),6183,4210,12110
1748,17,127,8401,ours,5807,4002,11382
1749,17,127,8401,qiskit transpile,2834,2820,2747
1750,17,127,8401,Bravyi et al. (qiskit),4006,3923,8556
1751,17,127,8401,Ewout van den Berg (stim),6158,4428,12075
1752,18,127,8401,ours,5788,3878,11315
1753,18,127,8401,qiskit transpile,2690,2874,2831
1754,18,127,8401,Bravyi et al. (qiskit),3904,3869,8598
1755,18,127,8401,Ewout van den Berg (stim),6264,4358,12174
1756,19,127,8401,ours,5667,3975,11309
1757,19,127,8401,qiskit transpile,2803,2792,2800
1758,19,127,8401,Bravyi et al. (qiskit),3981,3819,8580
1759,19,127,8401,Ewout van den Berg (stim),6241,4404,12192
1760,0,127,8801,ours,5803,3829,11388
1761,0,127,8801,qiskit transpile,2961,2938,2900
1762,0,127,8801,Bravyi et al. (qiskit),3976,3830,8535
1763,0,127,8801,Ewout van den Berg (stim),6306,4354,12180
1764,1,127,8801,ours,5661,3958,11364
1765,1,127,8801,qiskit transpile,2832,2972,2991
1766,1,127,8801,Bravyi et al. (qiskit),3866,3902,8541
1767,1,127,8801,Ewout van den Berg (stim),6148,4343,12189
1768,2,127,8801,ours,5787,3996,11406
1769,2,127,8801,qiskit transpile,2923,3003,2869
1770,2,127,8801,Bravyi et al. (qiskit),3969,3841,8563
1771,2,127,8801,Ewout van den Berg (stim),6165,4330,12132
1772,3,127,8801,ours,5848,4010,11382
1773,3,127,8801,qiskit transpile,2926,2992,2881
1774,3,127,8801,Bravyi et al. (qiskit),4057,3857,8597
1775,3,127,8801,Ewout van den Berg (stim),6187,4334,12181
1776,4,127,8801,ours,5705,4017,11387
1777,4,127,8801,qiskit transpile,2910,2933,2952
1778,4,127,8801,Bravyi et al. (qiskit),4026,3880,8578
1779,4,127,8801,Ewout van den Berg (stim),6185,4264,12176
1780,5,127,8801,ours,5822,3982,11420
1781,5,127,8801,qiskit transpile,2896,2880,3017
1782,5,127,8801,Bravyi et al. (qiskit),3939,3855,8597
1783,5,127,8801,Ewout van den Berg (stim),6187,4239,12044
1784,6,127,8801,ours,5795,3977,11426
1785,6,127,8801,qiskit transpile,2867,2909,3019
1786,6,127,8801,Bravyi et al. (qiskit),3953,3844,8526
1787,6,127,8801,Ewout van den Berg (stim),6253,4360,12220
1788,7,127,8801,ours,5820,3929,11399
1789,7,127,8801,qiskit transpile,2905,2907,2979
1790,7,127,8801,Bravyi et al. (qiskit),4050,3816,8571
1791,7,127,8801,Ewout van den Berg (stim),6168,4254,12217
1792,8,127,8801,ours,5767,4075,11395
1793,8,127,8801,qiskit transpile,2915,3005,2873
1794,8,127,8801,Bravyi et al. (qiskit),3902,3844,8573
1795,8,127,8801,Ewout van den Berg (stim),6148,4223,12160
1796,9,127,8801,ours,5837,3993,11295
1797,9,127,8801,qiskit transpile,2934,2880,2981
1798,9,127,8801,Bravyi et al. (qiskit),3946,3766,8549
1799,9,127,8801,Ewout van den Berg (stim),6131,4345,12076
1800,10,127,8801,ours,5774,3947,11362
1801,10,127,8801,qiskit transpile,2930,2949,2916
1802,10,127,8801,Bravyi et al. (qiskit),3909,3919,8530
1803,10,127,8801,Ewout van den Berg (stim),6216,4298,12097
1804,11,127,8801,ours,5790,3960,11382
1805,11,127,8801,qiskit transpile,2944,2864,2989
1806,11,127,8801,Bravyi et al. (qiskit),4015,3859,8570
1807,11,127,8801,Ewout van den Berg (stim),6205,4298,12188
1808,12,127,8801,ours,5839,3947,11524
1809,12,127,8801,qiskit transpile,2929,2935,2933
1810,12,127,8801,Bravyi et al. (qiskit),3999,3928,8548
1811,12,127,8801,Ewout van den Berg (stim),6149,4284,12200
1812,13,127,8801,ours,5914,4065,11519
1813,13,127,8801,qiskit transpile,2987,2911,2899
1814,13,127,8801,Bravyi et al. (qiskit),3956,3829,8538
1815,13,127,8801,Ewout van den Berg (stim),6158,4329,12083
1816,14,127,8801,ours,5902,4014,11416
1817,14,127,8801,qiskit transpile,2790,2986,3019
1818,14,127,8801,Bravyi et al. (qiskit),3999,3854,8583
1819,14,127,8801,Ewout van den Berg (stim),6203,4417,12229
1820,15,127,8801,ours,5783,4009,11404
1821,15,127,8801,qiskit transpile,2948,2941,2906
1822,15,127,8801,Bravyi et al. (qiskit),3980,3880,8566
1823,15,127,8801,Ewout van den Berg (stim),6117,4317,12139
1824,16,127,8801,ours,5760,3976,11417
1825,16,127,8801,qiskit transpile,2997,2909,2895
1826,16,127,8801,Bravyi et al. (qiskit),4031,3741,8520
1827,16,127,8801,Ewout van den Berg (stim),6235,4311,12121
1828,17,127,8801,ours,5848,3973,11458
1829,17,127,8801,qiskit transpile,2891,2950,2952
1830,17,127,8801,Bravyi et al. (qiskit),4007,3847,8577
1831,17,127,8801,Ewout van den Berg (stim),6268,4366,12216
1832,18,127,8801,ours,5825,3961,11414
1833,18,127,8801,qiskit transpile,2933,2916,2946
1834,18,127,8801,Bravyi et al. (qiskit),4041,3808,8552
1835,18,127,8801,Ewout van den Berg (stim),6196,4352,12238
1836,19,127,8801,ours,5967,4080,11428
1837,19,127,8801,qiskit transpile,2943,2954,2904
1838,19,127,8801,Bravyi et al. (qiskit),3978,3944,8562
1839,19,127,8801,Ewout van den Berg (stim),6247,4398,12256
1840,0,127,9201,ours,5888,3995,11420
1841,0,127,9201,qiskit transpile,3049,3147,3001
1842,0,127,9201,Bravyi et al. (qiskit),3926,3907,8537
1843,0,127,9201,Ewout van den Berg (stim),6170,4313,12171
1844,1,127,9201,ours,5682,3873,11350
1845,1,127,9201,qiskit transpile,3004,3053,3142
1846,1,127,9201,Bravyi et al. (qiskit),4020,3863,8581
1847,1,127,9201,Ewout van den Berg (stim),6201,4381,12133
1848,2,127,9201,ours,5787,3944,11442
1849,2,127,9201,qiskit transpile,3059,3091,3051
1850,2,127,9201,Bravyi et al. (qiskit),3964,3805,8571
1851,2,127,9201,Ewout van den Berg (stim),6200,4331,12109
1852,3,127,9201,ours,5838,3885,11372
1853,3,127,9201,qiskit transpile,3043,3121,3035
1854,3,127,9201,Bravyi et al. (qiskit),3950,3847,8549
1855,3,127,9201,Ewout van den Berg (stim),6119,4418,12214
1856,4,127,9201,ours,5908,4053,11441
1857,4,127,9201,qiskit transpile,3037,3108,3054
1858,4,127,9201,Bravyi et al. (qiskit),4001,3841,8604
1859,4,127,9201,Ewout van den Berg (stim),6193,4335,12133
1860,5,127,9201,ours,5854,3998,11497
1861,5,127,9201,qiskit transpile,3132,3064,3001
1862,5,127,9201,Bravyi et al. (qiskit),3995,3854,8523
1863,5,127,9201,Ewout van den Berg (stim),6214,4329,12172
1864,6,127,9201,ours,5858,3912,11392
1865,6,127,9201,qiskit transpile,3023,3107,3067
1866,6,127,9201,Bravyi et al. (qiskit),3927,3843,8536
1867,6,127,9201,Ewout van den Berg (stim),5985,4244,12068
1868,7,127,9201,ours,5817,4088,11363
1869,7,127,9201,qiskit transpile,3028,3128,3043
1870,7,127,9201,Bravyi et al. (qiskit),3996,3836,8534
1871,7,127,9201,Ewout van den Berg (stim),6127,4321,12096
1872,8,127,9201,ours,5800,4013,11376
1873,8,127,9201,qiskit transpile,3108,3069,3022
1874,8,127,9201,Bravyi et al. (qiskit),3880,3861,8567
1875,8,127,9201,Ewout van den Berg (stim),6170,4293,12177
1876,9,127,9201,ours,5724,4049,11372
1877,9,127,9201,qiskit transpile,3081,3014,3102
1878,9,127,9201,Bravyi et al. (qiskit),4001,3861,8555
1879,9,127,9201,Ewout van den Berg (stim),6300,4303,12195
1880,10,127,9201,ours,5856,3920,11378
1881,10,127,9201,qiskit transpile,2942,3030,3217
1882,10,127,9201,Bravyi et al. (qiskit),3970,3881,8580
1883,10,127,9201,Ewout van den Berg (stim),6123,4332,12145
1884,11,127,9201,ours,5928,4002,11422
1885,11,127,9201,qiskit transpile,2986,3063,3146
1886,11,127,9201,Bravyi et al. (qiskit),4025,3735,8562
1887,11,127,9201,Ewout van den Berg (stim),6163,4246,12143
1888,12,127,9201,ours,5799,4007,11396
1889,12,127,9201,qiskit transpile,3057,3080,3056
1890,12,127,9201,Bravyi et al. (qiskit),4029,3851,8583
1891,12,127,9201,Ewout van den Berg (stim),6282,4410,12179
1892,13,127,9201,ours,5748,3964,11326
1893,13,127,9201,qiskit transpile,3105,3022,3072
1894,13,127,9201,Bravyi et al. (qiskit),4003,3856,8551
1895,13,127,9201,Ewout van den Berg (stim),6231,4417,12244
1896,14,127,9201,ours,5812,3952,11401
1897,14,127,9201,qiskit transpile,3110,3066,3023
1898,14,127,9201,Bravyi et al. (qiskit),3985,3913,8568
1899,14,127,9201,Ewout van den Berg (stim),6197,4299,12162
1900,15,127,9201,ours,5727,3968,11406
1901,15,127,9201,qiskit transpile,3131,3010,3052
1902,15,127,9201,Bravyi et al. (qiskit),4031,3903,8582
1903,15,127,9201,Ewout van den Berg (stim),6183,4403,12245
1904,16,127,9201,ours,5822,3952,11291
1905,16,127,9201,qiskit transpile,3033,3105,3059
1906,16,127,9201,Bravyi et al. (qiskit),3922,3790,8503
1907,16,127,9201,Ewout van den Berg (stim),6238,4346,12194
1908,17,127,9201,ours,5787,3965,11386
1909,17,127,9201,qiskit transpile,3079,3033,3083
1910,17,127,9201,Bravyi et al. (qiskit),4016,3868,8538
1911,17,127,9201,Ewout van den Berg (stim),6189,4354,12169
1912,18,127,9201,ours,5851,3977,11407
1913,18,127,9201,qiskit transpile,3036,3132,3025
1914,18,127,9201,Bravyi et al. (qiskit),3972,3871,8505
1915,18,127,9201,Ewout van den Berg (stim),6231,4367,12176
1916,19,127,9201,ours,5917,4027,11526
1917,19,127,9201,qiskit transpile,3102,3052,3041
1918,19,127,9201,Bravyi et al. (qiskit),4002,3803,8579
1919,19,127,9201,Ewout van den Berg (stim),6191,4304,12105
1920,0,127,9601,ours,5854,3954,11367
1921,0,127,9601,qiskit transpile,3121,3357,3115
1922,0,127,9601,Bravyi et al. (qiskit),3901,3835,8547
1923,0,127,9601,Ewout van den Berg (stim),6229,4376,12125
1924,1,127,9601,ours,5920,3951,11467
1925,1,127,9601,qiskit transpile,3189,3170,3230
1926,1,127,9601,Bravyi et al. (qiskit),3985,3826,8550
1927,1,127,9601,Ewout van den Berg (stim),6216,4292,12234
1928,2,127,9601,ours,5877,3962,11506
1929,2,127,9601,qiskit transpile,3220,3139,3236
1930,2,127,9601,Bravyi et al. (qiskit),3940,3882,8545
1931,2,127,9601,Ewout van den Berg (stim),6315,4412,12244
1932,3,127,9601,ours,5904,3903,11431
1933,3,127,9601,qiskit transpile,3122,3296,3175
1934,3,127,9601,Bravyi et al. (qiskit),3920,3794,8535
1935,3,127,9601,Ewout van den Berg (stim),6256,4321,12139
1936,4,127,9601,ours,5790,3916,11407
1937,4,127,9601,qiskit transpile,3179,3199,3215
1938,4,127,9601,Bravyi et al. (qiskit),3969,3841,8575
1939,4,127,9601,Ewout van den Berg (stim),6222,4245,12148
1940,5,127,9601,ours,5685,3975,11397
1941,5,127,9601,qiskit transpile,3216,3198,3177
1942,5,127,9601,Bravyi et al. (qiskit),3951,3918,8548
1943,5,127,9601,Ewout van den Berg (stim),6222,4363,12162
1944,6,127,9601,ours,5854,3928,11424
1945,6,127,9601,qiskit transpile,3198,3091,3310
1946,6,127,9601,Bravyi et al. (qiskit),3976,3800,8553
1947,6,127,9601,Ewout van den Berg (stim),6218,4197,12195
1948,7,127,9601,ours,5854,3937,11449
1949,7,127,9601,qiskit transpile,3171,3213,3217
1950,7,127,9601,Bravyi et al. (qiskit),3942,3794,8583
1951,7,127,9601,Ewout van den Berg (stim),6147,4289,12195
1952,8,127,9601,ours,5736,3981,11426
1953,8,127,9601,qiskit transpile,3196,3213,3186
1954,8,127,9601,Bravyi et al. (qiskit),4013,3852,8565
1955,8,127,9601,Ewout van den Berg (stim),6222,4212,12222
1956,9,127,9601,ours,5826,4051,11398
1957,9,127,9601,qiskit transpile,3131,3221,3247
1958,9,127,9601,Bravyi et al. (qiskit),3919,3788,8597
1959,9,127,9601,Ewout van den Berg (stim),6131,4349,12195
1960,10,127,9601,ours,5704,3984,11407
1961,10,127,9601,qiskit transpile,3178,3210,3209
1962,10,127,9601,Bravyi et al. (qiskit),3973,3849,8607
1963,10,127,9601,Ewout van den Berg (stim),6151,4412,12120
1964,11,127,9601,ours,5748,3946,11458
1965,11,127,9601,qiskit transpile,3160,3241,3194
1966,11,127,9601,Bravyi et al. (qiskit),3934,3825,8511
1967,11,127,9601,Ewout van den Berg (stim),6124,4397,12137
1968,12,127,9601,ours,5943,4031,11541
1969,12,127,9601,qiskit transpile,3170,3186,3239
1970,12,127,9601,Bravyi et al. (qiskit),4027,3879,8560
1971,12,127,9601,Ewout van den Berg (stim),6285,4309,12262
1972,13,127,9601,ours,5777,3939,11298
1973,13,127,9601,qiskit transpile,3268,3123,3208
1974,13,127,9601,Bravyi et al. (qiskit),3969,3834,8573
1975,13,127,9601,Ewout van den Berg (stim),6237,4345,12082
1976,14,127,9601,ours,5680,3992,11412
1977,14,127,9601,qiskit transpile,3181,3240,3172
1978,14,127,9601,Bravyi et al. (qiskit),3949,3839,8541
1979,14,127,9601,Ewout van den Berg (stim),6099,4151,12182
1980,15,127,9601,ours,5891,3961,11397
1981,15,127,9601,qiskit transpile,3190,3204,3203
1982,15,127,9601,Bravyi et al. (qiskit),3910,3832,8572
1983,15,127,9601,Ewout van den Berg (stim),6209,4396,12116
1984,16,127,9601,ours,5823,3919,11446
1985,16,127,9601,qiskit transpile,3203,3236,3158
1986,16,127,9601,Bravyi et al. (qiskit),3969,3793,8590
1987,16,127,9601,Ewout van den Berg (stim),6145,4337,12064
1988,17,127,9601,ours,5832,3903,11457
1989,17,127,9601,qiskit transpile,3202,3191,3202
1990,17,127,9601,Bravyi et al. (qiskit),4006,3832,8560
1991,17,127,9601,Ewout van den Berg (stim),6157,4388,12226
1992,18,127,9601,ours,5919,4024,11408
1993,18,127,9601,qiskit transpile,3224,3116,3259
1994,18,127,9601,Bravyi et al. (qiskit),3983,3984,8585
1995,18,127,9601,Ewout van den Berg (stim),6215,4302,12178
1996,19,127,9601,ours,5650,3921,11329
1997,19,127,9601,qiskit transpile,3226,3273,3098
1998,19,127,9601,Bravyi et al. (qiskit),3927,3815,8558
1999,19,127,9601,Ewout van den Berg (stim),6183,4334,12259
