,n_rep,num_qubits,n_gadgets,method,h,s,cx,time,depth,2q_depth
0,0,7,1,ours,1,0,0,0.0027990341186523438,1,0
1,0,7,1,ours_random,1,0,0,0.0029599666595458984,1,0
2,0,7,1,ours_temp,1,0,0,0.10884857177734375,1,0
3,0,7,1,Bravyi et al. (qiskit),1,0,0,0.002288818359375,1,0
4,1,7,1,ours,0,1,0,0.0024673938751220703,1,0
5,1,7,1,ours_random,0,1,0,0.0027153491973876953,1,0
6,1,7,1,ours_temp,0,1,0,0.11024332046508789,1,0
7,1,7,1,Bravyi et al. (qiskit),0,1,0,0.0023958683013916016,1,0
8,2,7,1,ours,0,0,1,0.0031976699829101562,1,1
9,2,7,1,ours_random,0,0,1,0.002984285354614258,1,1
10,2,7,1,ours_temp,0,0,1,0.12083625793457031,1,1
11,2,7,1,Bravyi et al. (qiskit),0,0,1,0.0024614334106445312,1,1
12,3,7,1,ours,0,0,1,0.002780437469482422,1,1
13,3,7,1,ours_random,0,0,1,0.002961397171020508,1,1
14,3,7,1,ours_temp,0,0,1,0.11930465698242188,1,1
15,3,7,1,Bravyi et al. (qiskit),0,0,1,0.002240419387817383,1,1
16,4,7,1,ours,0,1,0,0.0027303695678710938,1,0
17,4,7,1,ours_random,0,1,0,0.0024509429931640625,1,0
18,4,7,1,ours_temp,0,1,0,0.11868476867675781,1,0
19,4,7,1,Bravyi et al. (qiskit),0,1,0,0.0022034645080566406,1,0
20,5,7,1,ours,0,0,1,0.003224611282348633,1,1
21,5,7,1,ours_random,0,0,1,0.002899169921875,1,1
22,5,7,1,ours_temp,0,0,1,0.11996293067932129,1,1
23,5,7,1,Bravyi et al. (qiskit),0,0,1,0.0021893978118896484,1,1
24,6,7,1,ours,0,0,1,0.0028753280639648438,1,1
25,6,7,1,ours_random,0,0,1,0.0028319358825683594,1,1
26,6,7,1,ours_temp,0,0,1,0.125640869140625,1,1
27,6,7,1,Bravyi et al. (qiskit),0,0,1,0.002161741256713867,1,1
28,7,7,1,ours,0,1,0,0.0026383399963378906,1,0
29,7,7,1,ours_random,0,1,0,0.002644062042236328,1,0
30,7,7,1,ours_temp,0,1,0,0.11281108856201172,1,0
31,7,7,1,Bravyi et al. (qiskit),0,1,0,0.0021696090698242188,1,0
32,8,7,1,ours,1,0,0,0.0029649734497070312,1,0
33,8,7,1,ours_random,1,0,0,0.0028345584869384766,1,0
34,8,7,1,ours_temp,1,0,0,0.1201319694519043,1,0
35,8,7,1,Bravyi et al. (qiskit),1,0,0,0.0023932456970214844,1,0
36,9,7,1,ours,0,0,1,0.002930879592895508,1,1
37,9,7,1,ours_random,0,0,1,0.00281524658203125,1,1
38,9,7,1,ours_temp,0,0,1,0.12432670593261719,1,1
39,9,7,1,Bravyi et al. (qiskit),0,0,1,0.002315521240234375,1,1
40,10,7,1,ours,0,0,1,0.0028219223022460938,1,1
41,10,7,1,ours_random,0,0,1,0.002948760986328125,1,1
42,10,7,1,ours_temp,0,0,1,0.12502574920654297,1,1
43,10,7,1,Bravyi et al. (qiskit),0,0,1,0.002373933792114258,1,1
44,11,7,1,ours,0,1,0,0.002801179885864258,1,0
45,11,7,1,ours_random,0,1,0,0.0025250911712646484,1,0
46,11,7,1,ours_temp,0,1,0,0.11060762405395508,1,0
47,11,7,1,Bravyi et al. (qiskit),0,1,0,0.0021996498107910156,1,0
48,12,7,1,ours,0,0,1,0.003078460693359375,1,1
49,12,7,1,ours_random,0,0,1,0.0030519962310791016,1,1
50,12,7,1,ours_temp,0,0,1,0.12662935256958008,1,1
51,12,7,1,Bravyi et al. (qiskit),0,0,1,0.002195119857788086,1,1
52,13,7,1,ours,1,0,0,0.0028765201568603516,1,0
53,13,7,1,ours_random,1,0,0,0.0028781890869140625,1,0
54,13,7,1,ours_temp,1,0,0,0.10799956321716309,1,0
55,13,7,1,Bravyi et al. (qiskit),1,0,0,0.002312898635864258,1,0
56,14,7,1,ours,1,0,0,0.002590656280517578,1,0
57,14,7,1,ours_random,1,0,0,0.002543926239013672,1,0
58,14,7,1,ours_temp,1,0,0,0.11560225486755371,1,0
59,14,7,1,Bravyi et al. (qiskit),1,0,0,0.0022802352905273438,1,0
60,15,7,1,ours,0,1,0,0.0028367042541503906,1,0
61,15,7,1,ours_random,0,1,0,0.002524852752685547,1,0
62,15,7,1,ours_temp,0,1,0,0.10739636421203613,1,0
63,15,7,1,Bravyi et al. (qiskit),0,1,0,0.002191781997680664,1,0
64,16,7,1,ours,0,0,1,0.0029201507568359375,1,1
65,16,7,1,ours_random,0,0,1,0.002725839614868164,1,1
66,16,7,1,ours_temp,0,0,1,0.2002573013305664,1,1
67,16,7,1,Bravyi et al. (qiskit),0,0,1,0.0021691322326660156,1,1
68,17,7,1,ours,1,0,0,0.0027201175689697266,1,0
69,17,7,1,ours_random,1,0,0,0.0025060176849365234,1,0
70,17,7,1,ours_temp,1,0,0,0.11045289039611816,1,0
71,17,7,1,Bravyi et al. (qiskit),1,0,0,0.002410411834716797,1,0
72,18,7,1,ours,1,0,0,0.002543926239013672,1,0
73,18,7,1,ours_random,1,0,0,0.0025238990783691406,1,0
74,18,7,1,ours_temp,1,0,0,0.11230254173278809,1,0
75,18,7,1,Bravyi et al. (qiskit),1,0,0,0.0028429031372070312,1,0
76,19,7,1,ours,0,0,1,0.0036869049072265625,1,1
77,19,7,1,ours_random,0,0,1,0.0032601356506347656,1,1
78,19,7,1,ours_temp,0,0,1,0.12294578552246094,1,1
79,19,7,1,Bravyi et al. (qiskit),0,0,1,0.0021877288818359375,1,1
80,0,7,21,ours,16,21,15,0.005701541900634766,31,15
81,0,7,21,ours_random,23,31,27,0.007599353790283203,43,22
82,0,7,21,ours_temp,9,16,4,0.22213006019592285,15,2
83,0,7,21,Bravyi et al. (qiskit),9,11,5,0.0032775402069091797,12,5
84,1,7,21,ours,13,14,5,0.004548549652099609,13,4
85,1,7,21,ours_random,19,22,11,0.00561213493347168,19,7
86,1,7,21,ours_temp,13,14,5,0.20486187934875488,13,4
87,1,7,21,Bravyi et al. (qiskit),9,8,6,0.0031099319458007812,12,5
88,2,7,21,ours,6,14,4,0.003941059112548828,12,4
89,2,7,21,ours_random,19,22,19,0.0070536136627197266,30,15
90,2,7,21,ours_temp,6,14,4,0.1829051971435547,12,4
91,2,7,21,Bravyi et al. (qiskit),4,12,4,0.003487825393676758,8,4
92,3,7,21,ours,8,10,17,0.006518363952636719,28,16
93,3,7,21,ours_random,14,18,20,0.00685429573059082,36,19
94,3,7,21,ours_temp,4,4,12,0.29377269744873047,11,10
95,3,7,21,Bravyi et al. (qiskit),10,15,12,0.0038149356842041016,20,11
96,4,7,21,ours,9,13,10,0.0054285526275634766,14,8
97,4,7,21,ours_random,16,22,35,0.009341239929199219,42,29
98,4,7,21,ours_temp,10,15,10,0.2814364433288574,21,6
99,4,7,21,Bravyi et al. (qiskit),12,12,13,0.003836393356323242,19,10
100,5,7,21,ours,13,14,6,0.004324674606323242,15,6
101,5,7,21,ours_random,19,24,9,0.005282163619995117,22,9
102,5,7,21,ours_temp,14,13,4,0.19098806381225586,13,4
103,5,7,21,Bravyi et al. (qiskit),9,9,5,0.0036094188690185547,9,5
104,6,7,21,ours,22,25,15,0.005846500396728516,32,14
105,6,7,21,ours_random,15,18,26,0.007219076156616211,33,25
106,6,7,21,ours_temp,8,9,4,0.2327125072479248,10,2
107,6,7,21,Bravyi et al. (qiskit),10,13,4,0.0035533905029296875,9,2
108,7,7,21,ours,7,12,7,0.004587888717651367,10,6
109,7,7,21,ours_random,21,28,13,0.005484342575073242,24,12
110,7,7,21,ours_temp,11,14,6,0.20174336433410645,10,3
111,7,7,21,Bravyi et al. (qiskit),6,9,8,0.0034203529357910156,10,7
112,8,7,21,ours,11,24,10,0.005344390869140625,22,8
113,8,7,21,ours_random,13,19,12,0.005841255187988281,26,10
114,8,7,21,ours_temp,11,24,10,0.2479562759399414,22,8
115,8,7,21,Bravyi et al. (qiskit),8,8,13,0.003543853759765625,20,11
116,9,7,21,ours,6,7,5,0.00426173210144043,12,5
117,9,7,21,ours_random,12,14,10,0.00486445426940918,20,7
118,9,7,21,ours_temp,6,7,5,0.18718528747558594,12,5
119,9,7,21,Bravyi et al. (qiskit),5,5,8,0.003058195114135742,8,7
120,10,7,21,ours,12,20,10,0.005365610122680664,25,8
121,10,7,21,ours_random,22,28,30,0.008075714111328125,38,23
122,10,7,21,ours_temp,13,18,10,0.25559210777282715,17,8
123,10,7,21,Bravyi et al. (qiskit),14,20,13,0.004241466522216797,24,12
124,11,7,21,ours,17,22,8,0.0054018497467041016,22,6
125,11,7,21,ours_random,19,22,15,0.007502079010009766,27,11
126,11,7,21,ours_temp,17,22,7,0.24703145027160645,19,4
127,11,7,21,Bravyi et al. (qiskit),12,15,10,0.004057645797729492,21,9
128,12,7,21,ours,20,25,27,0.008061647415161133,37,21
129,12,7,21,ours_random,16,15,19,0.007624149322509766,32,15
130,12,7,21,ours_temp,13,21,11,0.3182833194732666,24,10
131,12,7,21,Bravyi et al. (qiskit),21,25,17,0.004651069641113281,25,15
132,13,7,21,ours,21,26,14,0.006432771682739258,29,10
133,13,7,21,ours_random,16,24,12,0.005691051483154297,21,8
134,13,7,21,ours_temp,11,23,11,0.2737283706665039,21,9
135,13,7,21,Bravyi et al. (qiskit),17,19,14,0.004148721694946289,21,11
136,14,7,21,ours,17,19,10,0.0058591365814208984,23,8
137,14,7,21,ours_random,14,18,27,0.006960868835449219,38,25
138,14,7,21,ours_temp,7,13,3,0.21462202072143555,9,2
139,14,7,21,Bravyi et al. (qiskit),9,11,3,0.0031027793884277344,9,2
140,15,7,21,ours,15,8,7,0.004897356033325195,19,5
141,15,7,21,ours_random,25,20,26,0.007351398468017578,41,21
142,15,7,21,ours_temp,5,1,5,0.21724891662597656,6,3
143,15,7,21,Bravyi et al. (qiskit),14,6,8,0.0032541751861572266,16,6
144,16,7,21,ours,9,11,5,0.0045015811920166016,11,4
145,16,7,21,ours_random,20,18,9,0.005079030990600586,21,7
146,16,7,21,ours_temp,11,11,5,0.21635818481445312,13,4
147,16,7,21,Bravyi et al. (qiskit),8,11,7,0.003325939178466797,11,5
148,17,7,21,ours,6,16,11,0.0050199031829833984,14,9
149,17,7,21,ours_random,4,15,22,0.0063018798828125,24,19
150,17,7,21,ours_temp,4,15,7,0.22957730293273926,16,5
151,17,7,21,Bravyi et al. (qiskit),4,9,8,0.002996206283569336,10,4
152,18,7,21,ours,20,19,19,0.007071495056152344,30,16
153,18,7,21,ours_random,16,18,26,0.007643222808837891,38,23
154,18,7,21,ours_temp,17,22,15,0.31470251083374023,21,10
155,18,7,21,Bravyi et al. (qiskit),9,10,16,0.0035839080810546875,23,14
156,19,7,21,ours,4,7,6,0.004293918609619141,15,6
157,19,7,21,ours_random,0,8,24,0.006407260894775391,26,24
158,19,7,21,ours_temp,6,15,6,0.19445013999938965,16,5
159,19,7,21,Bravyi et al. (qiskit),2,8,6,0.0028781890869140625,11,5
160,0,7,41,ours,23,29,26,0.008350133895874023,37,20
161,0,7,41,ours_random,24,25,32,0.008922576904296875,42,26
162,0,7,41,ours_temp,12,24,21,0.363109827041626,27,17
163,0,7,41,Bravyi et al. (qiskit),8,24,21,0.00410914421081543,29,18
164,1,7,41,ours,29,41,33,0.009158849716186523,51,30
165,1,7,41,ours_random,31,41,31,0.009072542190551758,47,26
166,1,7,41,ours_temp,21,29,18,0.36844515800476074,23,11
167,1,7,41,Bravyi et al. (qiskit),24,29,21,0.00500798225402832,33,17
168,2,7,41,ours,20,26,24,0.008557319641113281,39,21
169,2,7,41,ours_random,30,38,34,0.009526252746582031,52,27
170,2,7,41,ours_temp,17,24,22,0.3602561950683594,32,19
171,2,7,41,Bravyi et al. (qiskit),13,18,22,0.0043599605560302734,33,20
172,3,7,41,ours,26,30,27,0.008259773254394531,38,22
173,3,7,41,ours_random,28,29,32,0.009116649627685547,49,27
174,3,7,41,ours_temp,12,12,15,0.35118651390075684,23,13
175,3,7,41,Bravyi et al. (qiskit),18,17,21,0.004405021667480469,33,18
176,4,7,41,ours,22,25,24,0.007997989654541016,32,19
177,4,7,41,ours_random,30,30,28,0.008150100708007812,40,23
178,4,7,41,ours_temp,19,22,16,0.34131550788879395,20,10
179,4,7,41,Bravyi et al. (qiskit),17,19,22,0.0045948028564453125,30,20
180,5,7,41,ours,18,19,11,0.006895303726196289,22,7
181,5,7,41,ours_random,18,26,26,0.008507013320922852,39,19
182,5,7,41,ours_temp,18,19,11,0.31270861625671387,22,7
183,5,7,41,Bravyi et al. (qiskit),22,19,19,0.0048618316650390625,24,12
184,6,7,41,ours,27,27,26,0.009155988693237305,38,21
185,6,7,41,ours_random,24,26,38,0.012012243270874023,49,33
186,6,7,41,ours_temp,25,25,25,0.388333797454834,31,20
187,6,7,41,Bravyi et al. (qiskit),19,28,21,0.004384040832519531,30,17
188,7,7,41,ours,27,36,24,0.00805044174194336,36,20
189,7,7,41,ours_random,20,25,37,0.009156227111816406,48,31
190,7,7,41,ours_temp,22,36,19,0.367887020111084,30,15
191,7,7,41,Bravyi et al. (qiskit),19,27,25,0.005081892013549805,40,24
192,8,7,41,ours,11,11,8,0.005041599273681641,18,7
193,8,7,41,ours_random,13,11,22,0.0068166255950927734,26,16
194,8,7,41,ours_temp,9,11,7,0.23182153701782227,9,4
195,8,7,41,Bravyi et al. (qiskit),11,11,12,0.004347324371337891,15,10
196,9,7,41,ours,24,29,22,0.00776982307434082,36,17
197,9,7,41,ours_random,32,36,33,0.009234905242919922,52,27
198,9,7,41,ours_temp,18,33,15,0.3157541751861572,33,13
199,9,7,41,Bravyi et al. (qiskit),16,17,16,0.0037887096405029297,29,13
200,10,7,41,ours,29,29,25,0.007997274398803711,36,20
201,10,7,41,ours_random,16,27,27,0.008316755294799805,36,22
202,10,7,41,ours_temp,20,28,16,0.344757080078125,26,12
203,10,7,41,Bravyi et al. (qiskit),15,14,19,0.004012107849121094,27,17
204,11,7,41,ours,21,32,18,0.007181644439697266,41,17
205,11,7,41,ours_random,10,18,17,0.00691676139831543,28,13
206,11,7,41,ours_temp,16,19,14,0.3314371109008789,27,13
207,11,7,41,Bravyi et al. (qiskit),17,17,18,0.0044252872467041016,30,17
208,12,7,41,ours,23,28,20,0.006885051727294922,32,16
209,12,7,41,ours_random,27,18,29,0.008092880249023438,44,26
210,12,7,41,ours_temp,18,27,9,0.2979867458343506,17,7
211,12,7,41,Bravyi et al. (qiskit),21,18,11,0.0043179988861083984,24,10
212,13,7,41,ours,22,22,8,0.005154132843017578,24,7
213,13,7,41,ours_random,21,24,9,0.00520777702331543,26,8
214,13,7,41,ours_temp,20,22,7,0.2357945442199707,16,6
215,13,7,41,Bravyi et al. (qiskit),21,20,10,0.0050506591796875,20,10
216,14,7,41,ours,21,20,24,0.008510112762451172,32,18
217,14,7,41,ours_random,26,32,32,0.009990930557250977,46,22
218,14,7,41,ours_temp,22,22,22,0.3691365718841553,28,14
219,14,7,41,Bravyi et al. (qiskit),22,21,25,0.006142139434814453,33,21
220,15,7,41,ours,20,17,18,0.007282257080078125,30,15
221,15,7,41,ours_random,27,25,22,0.007984399795532227,33,17
222,15,7,41,ours_temp,20,17,18,0.34453272819519043,30,15
223,15,7,41,Bravyi et al. (qiskit),27,12,20,0.003916025161743164,34,19
224,16,7,41,ours,10,17,11,0.006063222885131836,25,9
225,16,7,41,ours_random,12,18,26,0.007407426834106445,31,19
226,16,7,41,ours_temp,10,17,11,0.31867480278015137,25,9
227,16,7,41,Bravyi et al. (qiskit),6,9,14,0.0036292076110839844,22,14
228,17,7,41,ours,24,24,19,0.007661342620849609,36,15
229,17,7,41,ours_random,21,24,28,0.01029515266418457,40,23
230,17,7,41,ours_temp,21,22,13,0.3240933418273926,24,11
231,17,7,41,Bravyi et al. (qiskit),21,18,18,0.004601240158081055,28,13
232,18,7,41,ours,24,33,25,0.008765459060668945,39,19
233,18,7,41,ours_random,32,29,31,0.009329557418823242,40,26
234,18,7,41,ours_temp,17,24,17,0.3688218593597412,24,12
235,18,7,41,Bravyi et al. (qiskit),12,13,17,0.003988504409790039,27,16
236,19,7,41,ours,22,35,23,0.0074710845947265625,39,20
237,19,7,41,ours_random,17,24,17,0.006811380386352539,29,14
238,19,7,41,ours_temp,17,26,16,0.33821535110473633,30,12
239,19,7,41,Bravyi et al. (qiskit),22,32,27,0.0046384334564208984,37,23
240,0,7,61,ours,23,31,26,0.009293317794799805,36,22
241,0,7,61,ours_random,26,30,29,0.00871586799621582,36,20
242,0,7,61,ours_temp,25,35,23,0.4647789001464844,32,18
243,0,7,61,Bravyi et al. (qiskit),25,26,28,0.004561901092529297,38,24
244,1,7,61,ours,20,25,31,0.012336969375610352,44,26
245,1,7,61,ours_random,33,39,37,0.012494325637817383,55,32
246,1,7,61,ours_temp,21,27,26,0.3883392810821533,39,21
247,1,7,61,Bravyi et al. (qiskit),19,20,28,0.004154682159423828,36,25
248,2,7,61,ours,20,29,25,0.008039712905883789,36,20
249,2,7,61,ours_random,28,34,35,0.009328365325927734,42,29
250,2,7,61,ours_temp,19,29,24,0.3621554374694824,35,19
251,2,7,61,Bravyi et al. (qiskit),21,15,33,0.004576206207275391,46,30
252,3,7,61,ours,25,27,24,0.008034706115722656,36,21
253,3,7,61,ours_random,26,35,34,0.009880304336547852,50,27
254,3,7,61,ours_temp,26,29,22,0.36970019340515137,41,19
255,3,7,61,Bravyi et al. (qiskit),18,30,28,0.004632711410522461,38,22
256,4,7,61,ours,30,32,29,0.009244680404663086,41,24
257,4,7,61,ours_random,23,33,29,0.008605480194091797,44,23
258,4,7,61,ours_temp,26,29,22,0.4036703109741211,36,18
259,4,7,61,Bravyi et al. (qiskit),23,28,36,0.005311489105224609,52,33
260,5,7,61,ours,20,31,31,0.008606672286987305,48,29
261,5,7,61,ours_random,25,33,28,0.008469343185424805,46,26
262,5,7,61,ours_temp,28,29,23,0.38208580017089844,36,16
263,5,7,61,Bravyi et al. (qiskit),24,15,23,0.0048983097076416016,32,20
264,6,7,61,ours,20,31,24,0.008959531784057617,33,20
265,6,7,61,ours_random,38,36,36,0.010141134262084961,51,32
266,6,7,61,ours_temp,21,32,23,0.40027952194213867,35,20
267,6,7,61,Bravyi et al. (qiskit),23,34,27,0.0057909488677978516,38,20
268,7,7,61,ours,31,35,28,0.009123563766479492,46,23
269,7,7,61,ours_random,32,40,34,0.011738061904907227,57,29
270,7,7,61,ours_temp,19,20,26,0.4073302745819092,35,18
271,7,7,61,Bravyi et al. (qiskit),21,25,35,0.0061969757080078125,48,31
272,8,7,61,ours,23,26,16,0.007643699645996094,28,13
273,8,7,61,ours_random,23,24,26,0.009835958480834961,32,22
274,8,7,61,ours_temp,23,26,16,0.38658833503723145,28,13
275,8,7,61,Bravyi et al. (qiskit),20,28,23,0.007636070251464844,30,19
276,9,7,61,ours,28,33,28,0.00885915756225586,41,25
277,9,7,61,ours_random,27,37,25,0.0091400146484375,39,19
278,9,7,61,ours_temp,29,36,21,0.3947787284851074,33,16
279,9,7,61,Bravyi et al. (qiskit),22,23,27,0.004458189010620117,33,22
280,10,7,61,ours,30,30,29,0.008375406265258789,40,23
281,10,7,61,ours_random,26,34,31,0.008920669555664062,42,26
282,10,7,61,ours_temp,24,24,26,0.42563295364379883,34,20
283,10,7,61,Bravyi et al. (qiskit),23,29,28,0.0051727294921875,44,24
284,11,7,61,ours,16,28,19,0.006964445114135742,29,16
285,11,7,61,ours_random,31,41,33,0.00937652587890625,47,26
286,11,7,61,ours_temp,14,26,16,0.3617289066314697,22,12
287,11,7,61,Bravyi et al. (qiskit),12,22,17,0.004568338394165039,21,13
288,12,7,61,ours,20,23,27,0.008869171142578125,38,24
289,12,7,61,ours_random,22,28,32,0.0096435546875,44,26
290,12,7,61,ours_temp,19,30,25,0.4044768810272217,41,21
291,12,7,61,Bravyi et al. (qiskit),22,29,30,0.0046482086181640625,35,22
292,13,7,61,ours,29,28,31,0.010453224182128906,44,22
293,13,7,61,ours_random,27,38,33,0.009958028793334961,49,28
294,13,7,61,ours_temp,19,27,25,0.4275243282318115,28,17
295,13,7,61,Bravyi et al. (qiskit),28,35,34,0.00863504409790039,50,28
296,14,7,61,ours,31,31,27,0.00834512710571289,46,26
297,14,7,61,ours_random,25,31,31,0.008407115936279297,44,24
298,14,7,61,ours_temp,20,23,19,0.37015652656555176,29,15
299,14,7,61,Bravyi et al. (qiskit),19,20,20,0.004330158233642578,25,13
300,15,7,61,ours,25,30,19,0.007180213928222656,33,14
301,15,7,61,ours_random,30,31,32,0.009945392608642578,40,24
302,15,7,61,ours_temp,23,28,17,0.33373475074768066,29,14
303,15,7,61,Bravyi et al. (qiskit),30,32,21,0.004403829574584961,35,16
304,16,7,61,ours,21,31,25,0.007832050323486328,38,21
305,16,7,61,ours_random,24,31,30,0.008979082107543945,40,25
306,16,7,61,ours_temp,25,36,21,0.44214701652526855,41,17
307,16,7,61,Bravyi et al. (qiskit),17,26,24,0.007799863815307617,36,18
308,17,7,61,ours,26,31,32,0.010196208953857422,45,25
309,17,7,61,ours_random,29,34,33,0.01132655143737793,43,25
310,17,7,61,ours_temp,25,35,26,0.43406248092651367,47,22
311,17,7,61,Bravyi et al. (qiskit),25,30,33,0.005105018615722656,38,25
312,18,7,61,ours,26,26,27,0.008633852005004883,40,20
313,18,7,61,ours_random,30,30,34,0.008911609649658203,44,27
314,18,7,61,ours_temp,16,26,22,0.3549787998199463,31,15
315,18,7,61,Bravyi et al. (qiskit),22,30,36,0.005003929138183594,41,28
316,19,7,61,ours,23,25,30,0.008428335189819336,41,25
317,19,7,61,ours_random,23,30,32,0.008847951889038086,39,24
318,19,7,61,ours_temp,28,32,26,0.3933401107788086,42,23
319,19,7,61,Bravyi et al. (qiskit),29,35,37,0.0048656463623046875,48,31
320,0,7,81,ours,24,26,27,0.009257793426513672,38,21
321,0,7,81,ours_random,32,46,35,0.009768962860107422,48,29
322,0,7,81,ours_temp,22,26,24,0.37105345726013184,34,20
323,0,7,81,Bravyi et al. (qiskit),29,35,30,0.0051839351654052734,39,21
324,1,7,81,ours,30,43,32,0.009568452835083008,46,28
325,1,7,81,ours_random,28,31,32,0.008867025375366211,48,28
326,1,7,81,ours_temp,24,37,27,0.38770127296447754,39,22
327,1,7,81,Bravyi et al. (qiskit),21,27,26,0.006680488586425781,34,18
328,2,7,81,ours,22,29,32,0.008933782577514648,42,26
329,2,7,81,ours_random,25,27,28,0.008008956909179688,40,24
330,2,7,81,ours_temp,23,36,24,0.3671107292175293,41,19
331,2,7,81,Bravyi et al. (qiskit),22,34,34,0.005036354064941406,39,22
332,3,7,81,ours,25,29,28,0.007739067077636719,41,23
333,3,7,81,ours_random,28,32,33,0.008641242980957031,45,30
334,3,7,81,ours_temp,25,35,22,0.36654138565063477,28,15
335,3,7,81,Bravyi et al. (qiskit),21,28,29,0.0044519901275634766,41,26
336,4,7,81,ours,21,28,19,0.007147073745727539,34,16
337,4,7,81,ours_random,25,30,26,0.008139610290527344,42,24
338,4,7,81,ours_temp,20,24,17,0.3356151580810547,29,13
339,4,7,81,Bravyi et al. (qiskit),23,29,23,0.004395723342895508,30,20
340,5,7,81,ours,26,32,27,0.009570121765136719,43,21
341,5,7,81,ours_random,37,43,34,0.009262800216674805,44,27
342,5,7,81,ours_temp,26,32,27,0.3686964511871338,43,21
343,5,7,81,Bravyi et al. (qiskit),28,31,35,0.0049152374267578125,43,27
344,6,7,81,ours,32,30,36,0.010471343994140625,55,31
345,6,7,81,ours_random,30,35,33,0.009467124938964844,46,25
346,6,7,81,ours_temp,23,27,26,0.46868252754211426,33,20
347,6,7,81,Bravyi et al. (qiskit),26,19,32,0.004643440246582031,39,27
348,7,7,81,ours,29,24,29,0.008625030517578125,38,22
349,7,7,81,ours_random,28,30,28,0.008508920669555664,40,20
350,7,7,81,ours_temp,31,33,24,0.37119412422180176,34,15
351,7,7,81,Bravyi et al. (qiskit),21,24,23,0.0042684078216552734,30,19
352,8,7,81,ours,27,34,27,0.009314298629760742,45,24
353,8,7,81,ours_random,31,24,35,0.008823871612548828,45,27
354,8,7,81,ours_temp,16,21,20,0.35199999809265137,26,15
355,8,7,81,Bravyi et al. (qiskit),25,26,28,0.004699230194091797,41,24
356,9,7,81,ours,30,34,28,0.008675575256347656,49,24
357,9,7,81,ours_random,23,20,30,0.008268117904663086,42,26
358,9,7,81,ours_temp,28,29,26,0.378307580947876,38,23
359,9,7,81,Bravyi et al. (qiskit),26,24,29,0.004616975784301758,43,24
360,10,7,81,ours,31,29,31,0.009063243865966797,48,26
361,10,7,81,ours_random,35,38,31,0.009302377700805664,44,21
362,10,7,81,ours_temp,22,31,24,0.3802461624145508,36,17
363,10,7,81,Bravyi et al. (qiskit),21,31,24,0.004925727844238281,28,17
364,11,7,81,ours,28,33,28,0.008912324905395508,34,20
365,11,7,81,ours_random,32,46,33,0.009272575378417969,49,28
366,11,7,81,ours_temp,28,34,27,0.39763569831848145,50,25
367,11,7,81,Bravyi et al. (qiskit),25,35,25,0.004179477691650391,35,19
368,12,7,81,ours,23,32,23,0.008039236068725586,41,18
369,12,7,81,ours_random,32,35,39,0.010149955749511719,52,31
370,12,7,81,ours_temp,26,31,22,0.3604166507720947,32,17
371,12,7,81,Bravyi et al. (qiskit),23,30,27,0.004955768585205078,38,24
372,13,7,81,ours,25,30,24,0.007791042327880859,34,19
373,13,7,81,ours_random,25,34,29,0.00808262825012207,40,23
374,13,7,81,ours_temp,23,23,21,0.3311154842376709,31,19
375,13,7,81,Bravyi et al. (qiskit),25,18,20,0.0041351318359375,26,15
376,14,7,81,ours,25,25,24,0.0077457427978515625,37,19
377,14,7,81,ours_random,29,33,33,0.008954048156738281,46,29
378,14,7,81,ours_temp,16,20,18,0.3270547389984131,26,14
379,14,7,81,Bravyi et al. (qiskit),21,17,20,0.003945112228393555,30,18
380,15,7,81,ours,32,36,34,0.00922536849975586,46,27
381,15,7,81,ours_random,29,32,35,0.009279012680053711,51,29
382,15,7,81,ours_temp,29,31,29,0.4192028045654297,46,22
383,15,7,81,Bravyi et al. (qiskit),28,35,33,0.005324840545654297,40,22
384,16,7,81,ours,24,38,38,0.009346723556518555,55,35
385,16,7,81,ours_random,23,32,32,0.008678197860717773,44,26
386,16,7,81,ours_temp,31,36,26,0.37020254135131836,43,21
387,16,7,81,Bravyi et al. (qiskit),19,27,30,0.004904747009277344,34,24
388,17,7,81,ours,27,29,28,0.008852481842041016,40,25
389,17,7,81,ours_random,27,35,38,0.009640216827392578,52,32
390,17,7,81,ours_temp,21,26,23,0.361644983291626,38,19
391,17,7,81,Bravyi et al. (qiskit),26,33,31,0.005193948745727539,45,27
392,18,7,81,ours,27,30,21,0.008061885833740234,36,16
393,18,7,81,ours_random,24,33,31,0.008962631225585938,39,27
394,18,7,81,ours_temp,25,30,21,0.35912060737609863,37,16
395,18,7,81,Bravyi et al. (qiskit),18,28,21,0.004977226257324219,27,16
396,19,7,81,ours,23,25,22,0.008262395858764648,31,19
397,19,7,81,ours_random,23,27,36,0.008757591247558594,44,31
398,19,7,81,ours_temp,23,25,21,0.3597736358642578,28,16
399,19,7,81,Bravyi et al. (qiskit),20,32,27,0.004889488220214844,39,23
400,0,7,101,ours,20,35,27,0.008376598358154297,42,22
401,0,7,101,ours_random,16,33,29,0.008326292037963867,40,23
402,0,7,101,ours_temp,17,32,25,0.3635532855987549,32,19
403,0,7,101,Bravyi et al. (qiskit),27,32,23,0.004362344741821289,34,18
404,1,7,101,ours,28,35,30,0.008619546890258789,42,23
405,1,7,101,ours_random,26,35,25,0.008148193359375,39,22
406,1,7,101,ours_temp,22,37,26,0.376354455947876,44,22
407,1,7,101,Bravyi et al. (qiskit),22,28,33,0.004779815673828125,42,27
408,2,7,101,ours,22,36,29,0.008685111999511719,39,21
409,2,7,101,ours_random,25,33,35,0.009139776229858398,49,30
410,2,7,101,ours_temp,26,31,23,0.3716106414794922,34,17
411,2,7,101,Bravyi et al. (qiskit),26,32,25,0.004698991775512695,33,17
412,3,7,101,ours,21,29,25,0.007798433303833008,38,19
413,3,7,101,ours_random,32,37,27,0.00848245620727539,41,21
414,3,7,101,ours_temp,22,32,23,0.3490273952484131,34,17
415,3,7,101,Bravyi et al. (qiskit),27,33,29,0.0049991607666015625,37,21
416,4,7,101,ours,20,29,27,0.008172988891601562,36,22
417,4,7,101,ours_random,25,25,29,0.008461236953735352,32,21
418,4,7,101,ours_temp,21,28,25,0.3676903247833252,32,18
419,4,7,101,Bravyi et al. (qiskit),19,22,30,0.0045928955078125,43,27
420,5,7,101,ours,21,19,25,0.0076563358306884766,34,21
421,5,7,101,ours_random,25,30,36,0.009061574935913086,42,25
422,5,7,101,ours_temp,21,26,24,0.35061192512512207,33,19
423,5,7,101,Bravyi et al. (qiskit),23,30,25,0.0048143863677978516,35,19
424,6,7,101,ours,23,35,26,0.008607625961303711,46,18
425,6,7,101,ours_random,25,27,33,0.009528636932373047,43,25
426,6,7,101,ours_temp,17,19,26,0.37703418731689453,35,18
427,6,7,101,Bravyi et al. (qiskit),20,40,30,0.0051364898681640625,36,20
428,7,7,101,ours,24,25,25,0.00814962387084961,35,20
429,7,7,101,ours_random,25,27,29,0.00839376449584961,41,26
430,7,7,101,ours_temp,27,28,23,0.36975765228271484,37,17
431,7,7,101,Bravyi et al. (qiskit),14,18,30,0.005278587341308594,40,27
432,8,7,101,ours,28,31,31,0.00909113883972168,50,29
433,8,7,101,ours_random,25,39,36,0.00977015495300293,51,29
434,8,7,101,ours_temp,27,31,23,0.3859431743621826,40,20
435,8,7,101,Bravyi et al. (qiskit),21,30,23,0.0048825740814208984,34,20
436,9,7,101,ours,31,35,32,0.008772134780883789,44,24
437,9,7,101,ours_random,20,40,34,0.009201765060424805,46,27
438,9,7,101,ours_temp,26,28,27,0.46280670166015625,37,21
439,9,7,101,Bravyi et al. (qiskit),25,29,31,0.004472255706787109,42,25
440,10,7,101,ours,27,28,28,0.00836801528930664,47,24
441,10,7,101,ours_random,31,37,30,0.008673667907714844,42,21
442,10,7,101,ours_temp,20,37,23,0.37563347816467285,41,20
443,10,7,101,Bravyi et al. (qiskit),17,18,31,0.004013776779174805,35,25
444,11,7,101,ours,27,38,28,0.008234500885009766,46,23
445,11,7,101,ours_random,27,23,36,0.008317232131958008,42,28
446,11,7,101,ours_temp,24,30,25,0.3596944808959961,37,19
447,11,7,101,Bravyi et al. (qiskit),25,36,36,0.00527501106262207,45,29
448,12,7,101,ours,29,41,29,0.00842595100402832,43,24
449,12,7,101,ours_random,34,31,31,0.00879359245300293,36,21
450,12,7,101,ours_temp,31,29,27,0.39432382583618164,35,19
451,12,7,101,Bravyi et al. (qiskit),34,33,33,0.0052623748779296875,39,26
452,13,7,101,ours,28,30,28,0.008653402328491211,35,20
453,13,7,101,ours_random,29,38,36,0.00948786735534668,48,29
454,13,7,101,ours_temp,23,23,25,0.37851524353027344,37,20
455,13,7,101,Bravyi et al. (qiskit),24,24,32,0.004662036895751953,38,27
456,14,7,101,ours,40,34,28,0.009019613265991211,39,20
457,14,7,101,ours_random,28,36,34,0.009252548217773438,48,29
458,14,7,101,ours_temp,34,33,28,0.3797433376312256,40,22
459,14,7,101,Bravyi et al. (qiskit),21,28,35,0.005202531814575195,41,31
460,15,7,101,ours,27,33,33,0.008476972579956055,45,26
461,15,7,101,ours_random,26,39,36,0.00886392593383789,50,33
462,15,7,101,ours_temp,33,34,27,0.382739782333374,38,20
463,15,7,101,Bravyi et al. (qiskit),25,26,32,0.004892110824584961,43,26
464,16,7,101,ours,28,33,25,0.008106470108032227,45,23
465,16,7,101,ours_random,26,23,33,0.008309364318847656,37,24
466,16,7,101,ours_temp,21,27,21,0.3483736515045166,28,18
467,16,7,101,Bravyi et al. (qiskit),20,29,27,0.004424333572387695,41,25
468,17,7,101,ours,21,17,30,0.00818943977355957,40,27
469,17,7,101,ours_random,30,31,37,0.009156942367553711,50,31
470,17,7,101,ours_temp,27,23,27,0.38114023208618164,38,23
471,17,7,101,Bravyi et al. (qiskit),23,26,32,0.005117893218994141,39,22
472,18,7,101,ours,32,36,34,0.008949518203735352,52,28
473,18,7,101,ours_random,36,38,35,0.009155750274658203,44,23
474,18,7,101,ours_temp,28,27,27,0.46669697761535645,36,21
475,18,7,101,Bravyi et al. (qiskit),25,24,34,0.005103588104248047,44,27
476,19,7,101,ours,26,28,28,0.008278608322143555,44,22
477,19,7,101,ours_random,30,34,31,0.008893728256225586,49,27
478,19,7,101,ours_temp,22,31,23,0.3714876174926758,29,15
479,19,7,101,Bravyi et al. (qiskit),21,23,28,0.004587650299072266,37,22
480,0,7,121,ours,26,24,26,0.008219480514526367,38,19
481,0,7,121,ours_random,24,26,31,0.008421182632446289,39,23
482,0,7,121,ours_temp,24,33,21,0.3606128692626953,36,13
483,0,7,121,Bravyi et al. (qiskit),19,31,34,0.004369974136352539,47,29
484,1,7,121,ours,25,34,30,0.008555412292480469,38,20
485,1,7,121,ours_random,27,32,28,0.008189916610717773,40,21
486,1,7,121,ours_temp,16,28,25,0.3870072364807129,29,15
487,1,7,121,Bravyi et al. (qiskit),24,25,31,0.0051038265228271484,46,27
488,2,7,121,ours,26,46,27,0.00861048698425293,44,22
489,2,7,121,ours_random,23,35,35,0.009107589721679688,45,22
490,2,7,121,ours_temp,21,20,26,0.3715510368347168,31,18
491,2,7,121,Bravyi et al. (qiskit),21,23,36,0.004241466522216797,38,27
492,3,7,121,ours,33,42,33,0.00879526138305664,47,27
493,3,7,121,ours_random,24,31,37,0.00896596908569336,53,34
494,3,7,121,ours_temp,35,32,27,0.3834211826324463,42,21
495,3,7,121,Bravyi et al. (qiskit),29,33,36,0.005135774612426758,49,29
496,4,7,121,ours,29,35,27,0.008558034896850586,40,21
497,4,7,121,ours_random,24,32,34,0.008584976196289062,40,26
498,4,7,121,ours_temp,29,33,27,0.3907485008239746,42,21
499,4,7,121,Bravyi et al. (qiskit),20,31,36,0.005553245544433594,46,27
500,5,7,121,ours,32,30,32,0.008841276168823242,41,25
501,5,7,121,ours_random,30,34,33,0.009739398956298828,52,27
502,5,7,121,ours_temp,29,29,28,0.3915219306945801,35,19
503,5,7,121,Bravyi et al. (qiskit),25,31,36,0.004773378372192383,47,29
504,6,7,121,ours,21,30,31,0.008802413940429688,44,24
505,6,7,121,ours_random,27,35,33,0.009196996688842773,45,23
506,6,7,121,ours_temp,22,29,23,0.4249420166015625,33,15
507,6,7,121,Bravyi et al. (qiskit),30,30,38,0.005056619644165039,41,24
508,7,7,121,ours,24,31,22,0.008147954940795898,31,15
509,7,7,121,ours_random,23,26,34,0.00913691520690918,43,30
510,7,7,121,ours_temp,24,31,22,0.3744804859161377,31,15
511,7,7,121,Bravyi et al. (qiskit),19,19,26,0.004705905914306641,40,25
512,8,7,121,ours,24,25,31,0.008274555206298828,36,23
513,8,7,121,ours_random,30,31,35,0.008941173553466797,44,28
514,8,7,121,ours_temp,23,22,25,0.3802211284637451,31,20
515,8,7,121,Bravyi et al. (qiskit),31,30,29,0.0048694610595703125,42,24
516,9,7,121,ours,23,31,29,0.008870124816894531,44,24
517,9,7,121,ours_random,38,37,34,0.009510517120361328,49,23
518,9,7,121,ours_temp,27,32,25,0.3790748119354248,47,21
519,9,7,121,Bravyi et al. (qiskit),33,27,32,0.0049974918365478516,41,25
520,10,7,121,ours,21,21,27,0.008503913879394531,36,24
521,10,7,121,ours_random,30,39,33,0.008951902389526367,47,29
522,10,7,121,ours_temp,28,36,27,0.38010549545288086,40,19
523,10,7,121,Bravyi et al. (qiskit),21,27,29,0.0051038265228271484,41,25
524,11,7,121,ours,26,29,31,0.008936166763305664,42,25
525,11,7,121,ours_random,26,34,35,0.009207963943481445,46,28
526,11,7,121,ours_temp,21,30,29,0.3846089839935303,40,24
527,11,7,121,Bravyi et al. (qiskit),24,29,29,0.004573345184326172,40,23
528,12,7,121,ours,24,24,31,0.008798599243164062,43,26
529,12,7,121,ours_random,28,36,33,0.008688211441040039,43,28
530,12,7,121,ours_temp,24,37,27,0.44506096839904785,43,24
531,12,7,121,Bravyi et al. (qiskit),23,25,31,0.005045890808105469,32,22
532,13,7,121,ours,32,38,30,0.008443355560302734,44,21
533,13,7,121,ours_random,31,32,33,0.008820533752441406,43,26
534,13,7,121,ours_temp,20,23,27,0.3819730281829834,34,18
535,13,7,121,Bravyi et al. (qiskit),33,37,37,0.0053102970123291016,50,30
536,14,7,121,ours,23,31,31,0.008972883224487305,43,24
537,14,7,121,ours_random,27,28,33,0.008763313293457031,39,26
538,14,7,121,ours_temp,23,24,28,0.3898050785064697,35,19
539,14,7,121,Bravyi et al. (qiskit),17,21,28,0.0041239261627197266,35,22
540,15,7,121,ours,28,37,33,0.008713960647583008,45,27
541,15,7,121,ours_random,36,35,37,0.009137630462646484,54,34
542,15,7,121,ours_temp,26,34,28,0.39090490341186523,30,17
543,15,7,121,Bravyi et al. (qiskit),26,28,34,0.005032539367675781,39,25
544,16,7,121,ours,20,20,28,0.008346796035766602,35,21
545,16,7,121,ours_random,26,36,33,0.0085601806640625,35,24
546,16,7,121,ours_temp,26,30,27,0.3799474239349365,37,18
547,16,7,121,Bravyi et al. (qiskit),25,24,34,0.0052335262298583984,49,30
548,17,7,121,ours,27,29,33,0.009529352188110352,42,28
549,17,7,121,ours_random,31,35,32,0.009294271469116211,45,25
550,17,7,121,ours_temp,27,39,27,0.3958437442779541,36,20
551,17,7,121,Bravyi et al. (qiskit),20,28,29,0.0048978328704833984,38,23
552,18,7,121,ours,19,21,24,0.007999658584594727,34,18
553,18,7,121,ours_random,30,40,30,0.008626699447631836,43,22
554,18,7,121,ours_temp,23,25,24,0.3538479804992676,38,18
555,18,7,121,Bravyi et al. (qiskit),23,24,33,0.0043182373046875,37,24
556,19,7,121,ours,28,37,27,0.00823831558227539,45,22
557,19,7,121,ours_random,30,33,32,0.009408235549926758,42,26
558,19,7,121,ours_temp,34,38,26,0.38080477714538574,42,21
559,19,7,121,Bravyi et al. (qiskit),27,31,33,0.005368709564208984,49,28
560,0,7,141,ours,31,28,34,0.009134769439697266,50,29
561,0,7,141,ours_random,25,29,34,0.009202718734741211,44,31
562,0,7,141,ours_temp,21,34,27,0.39470911026000977,37,21
563,0,7,141,Bravyi et al. (qiskit),27,39,32,0.005082130432128906,34,23
564,1,7,141,ours,17,23,31,0.00894927978515625,40,26
565,1,7,141,ours_random,21,23,33,0.008968830108642578,47,28
566,1,7,141,ours_temp,24,33,27,0.3876662254333496,40,22
567,1,7,141,Bravyi et al. (qiskit),25,31,39,0.006129741668701172,51,34
568,2,7,141,ours,29,35,29,0.00914764404296875,49,25
569,2,7,141,ours_random,29,36,36,0.01031637191772461,47,29
570,2,7,141,ours_temp,20,26,27,0.3901200294494629,34,21
571,2,7,141,Bravyi et al. (qiskit),23,31,32,0.00534510612487793,40,24
572,3,7,141,ours,33,35,32,0.009359121322631836,47,27
573,3,7,141,ours_random,29,31,36,0.009965896606445312,45,27
574,3,7,141,ours_temp,24,29,29,0.3929097652435303,40,23
575,3,7,141,Bravyi et al. (qiskit),22,38,32,0.0051534175872802734,44,25
576,4,7,141,ours,21,27,32,0.008315086364746094,38,24
577,4,7,141,ours_random,31,31,30,0.0088043212890625,46,24
578,4,7,141,ours_temp,24,34,28,0.38480472564697266,43,23
579,4,7,141,Bravyi et al. (qiskit),19,22,26,0.004213571548461914,29,20
580,5,7,141,ours,19,30,30,0.008892297744750977,44,26
581,5,7,141,ours_random,20,29,35,0.009765386581420898,48,32
582,5,7,141,ours_temp,24,28,26,0.38750672340393066,35,22
583,5,7,141,Bravyi et al. (qiskit),22,19,33,0.004839420318603516,40,27
584,6,7,141,ours,33,32,30,0.009563684463500977,44,23
585,6,7,141,ours_random,33,35,35,0.009479045867919922,52,29
586,6,7,141,ours_temp,36,37,25,0.38158130645751953,37,18
587,6,7,141,Bravyi et al. (qiskit),23,20,35,0.004860401153564453,46,30
588,7,7,141,ours,26,42,32,0.009539604187011719,47,26
589,7,7,141,ours_random,34,34,35,0.009140491485595703,50,27
590,7,7,141,ours_temp,26,31,25,0.378864049911499,37,20
591,7,7,141,Bravyi et al. (qiskit),23,24,34,0.004708051681518555,38,27
592,8,7,141,ours,25,28,28,0.008823633193969727,41,26
593,8,7,141,ours_random,30,36,30,0.008846044540405273,45,26
594,8,7,141,ours_temp,25,25,25,0.3777029514312744,33,22
595,8,7,141,Bravyi et al. (qiskit),28,31,23,0.00509333610534668,33,17
596,9,7,141,ours,29,45,32,0.008791208267211914,49,28
597,9,7,141,ours_random,24,28,30,0.008828163146972656,38,21
598,9,7,141,ours_temp,29,30,25,0.38613247871398926,41,21
599,9,7,141,Bravyi et al. (qiskit),24,26,34,0.0047550201416015625,46,32
600,10,7,141,ours,28,32,31,0.00839376449584961,46,28
601,10,7,141,ours_random,19,18,39,0.00885915756225586,41,32
602,10,7,141,ours_temp,23,29,27,0.38162684440612793,41,23
603,10,7,141,Bravyi et al. (qiskit),24,28,29,0.004822254180908203,39,22
604,11,7,141,ours,18,23,31,0.008381128311157227,39,26
605,11,7,141,ours_random,24,26,34,0.009401559829711914,46,28
606,11,7,141,ours_temp,25,25,27,0.3762943744659424,37,22
607,11,7,141,Bravyi et al. (qiskit),20,28,26,0.00450444221496582,32,24
608,12,7,141,ours,30,36,31,0.008761405944824219,54,29
609,12,7,141,ours_random,33,33,39,0.009891271591186523,58,30
610,12,7,141,ours_temp,26,27,31,0.386852502822876,42,28
611,12,7,141,Bravyi et al. (qiskit),16,16,30,0.004444122314453125,36,23
612,13,7,141,ours,27,33,36,0.009448051452636719,52,32
613,13,7,141,ours_random,25,32,37,0.009358406066894531,54,31
614,13,7,141,ours_temp,26,30,26,0.3904283046722412,36,20
615,13,7,141,Bravyi et al. (qiskit),14,24,28,0.003953456878662109,38,23
616,14,7,141,ours,21,34,27,0.008271455764770508,40,23
617,14,7,141,ours_random,28,34,29,0.008484601974487305,38,22
618,14,7,141,ours_temp,23,34,24,0.42404747009277344,36,20
619,14,7,141,Bravyi et al. (qiskit),24,27,36,0.0043528079986572266,42,27
620,15,7,141,ours,32,43,29,0.008683443069458008,40,22
621,15,7,141,ours_random,30,38,37,0.009661674499511719,49,32
622,15,7,141,ours_temp,26,34,27,0.4089064598083496,40,21
623,15,7,141,Bravyi et al. (qiskit),25,36,30,0.005189657211303711,39,25
624,16,7,141,ours,40,39,29,0.008676767349243164,49,23
625,16,7,141,ours_random,32,36,36,0.009749650955200195,43,25
626,16,7,141,ours_temp,34,38,22,0.3675713539123535,38,17
627,16,7,141,Bravyi et al. (qiskit),23,30,33,0.0048596858978271484,42,26
628,17,7,141,ours,26,34,28,0.00807809829711914,37,24
629,17,7,141,ours_random,25,30,31,0.008661985397338867,41,24
630,17,7,141,ours_temp,24,29,25,0.37416839599609375,34,21
631,17,7,141,Bravyi et al. (qiskit),26,32,33,0.005367755889892578,43,23
632,18,7,141,ours,26,31,30,0.009320974349975586,42,21
633,18,7,141,ours_random,26,33,32,0.008517742156982422,48,28
634,18,7,141,ours_temp,26,36,26,0.38503193855285645,41,19
635,18,7,141,Bravyi et al. (qiskit),23,36,32,0.005353689193725586,36,23
636,19,7,141,ours,28,32,25,0.008249282836914062,41,21
637,19,7,141,ours_random,23,24,36,0.008967876434326172,45,29
638,19,7,141,ours_temp,28,32,25,0.37417006492614746,41,21
639,19,7,141,Bravyi et al. (qiskit),28,34,29,0.004582405090332031,37,21
640,0,7,161,ours,29,30,28,0.008550882339477539,38,19
641,0,7,161,ours_random,27,41,30,0.009008407592773438,41,23
642,0,7,161,ours_temp,27,27,27,0.3749709129333496,39,18
643,0,7,161,Bravyi et al. (qiskit),29,38,32,0.005136251449584961,44,25
644,1,7,161,ours,26,29,28,0.008102178573608398,34,20
645,1,7,161,ours_random,30,30,34,0.008893251419067383,50,30
646,1,7,161,ours_temp,26,29,28,0.37406063079833984,35,20
647,1,7,161,Bravyi et al. (qiskit),27,38,33,0.005531787872314453,39,23
648,2,7,161,ours,29,26,37,0.009383916854858398,52,34
649,2,7,161,ours_random,30,29,37,0.009239912033081055,42,28
650,2,7,161,ours_temp,25,34,27,0.39042139053344727,44,25
651,2,7,161,Bravyi et al. (qiskit),21,28,35,0.005166530609130859,46,28
652,3,7,161,ours,28,37,26,0.008206367492675781,46,23
653,3,7,161,ours_random,25,33,36,0.008679866790771484,42,28
654,3,7,161,ours_temp,21,26,25,0.3723876476287842,39,21
655,3,7,161,Bravyi et al. (qiskit),30,34,32,0.005767107009887695,42,24
656,4,7,161,ours,39,39,35,0.009444713592529297,55,27
657,4,7,161,ours_random,31,39,35,0.009926795959472656,48,31
658,4,7,161,ours_temp,29,29,27,0.4172019958496094,35,20
659,4,7,161,Bravyi et al. (qiskit),24,37,32,0.0048406124114990234,36,22
660,5,7,161,ours,26,30,35,0.00977015495300293,48,28
661,5,7,161,ours_random,29,34,36,0.011041641235351562,47,33
662,5,7,161,ours_temp,21,31,27,0.4233214855194092,42,23
663,5,7,161,Bravyi et al. (qiskit),23,26,32,0.005961179733276367,40,24
664,6,7,161,ours,29,41,35,0.010241508483886719,56,32
665,6,7,161,ours_random,26,30,35,0.009696722030639648,48,29
666,6,7,161,ours_temp,24,29,26,0.44846224784851074,43,24
667,6,7,161,Bravyi et al. (qiskit),22,32,33,0.004837751388549805,38,24
668,7,7,161,ours,21,31,28,0.009087562561035156,35,21
669,7,7,161,ours_random,31,39,35,0.011658906936645508,52,29
670,7,7,161,ours_temp,19,35,26,0.478985071182251,36,18
671,7,7,161,Bravyi et al. (qiskit),24,31,34,0.007486581802368164,41,29
672,8,7,161,ours,23,37,30,0.011213541030883789,43,26
673,8,7,161,ours_random,26,24,35,0.01292109489440918,45,30
674,8,7,161,ours_temp,18,26,26,0.4424622058868408,38,23
675,8,7,161,Bravyi et al. (qiskit),30,35,37,0.006140947341918945,45,30
676,9,7,161,ours,23,28,27,0.009243249893188477,43,22
677,9,7,161,ours_random,33,40,37,0.010399341583251953,53,32
678,9,7,161,ours_temp,17,26,27,0.46575307846069336,38,22
679,9,7,161,Bravyi et al. (qiskit),28,33,38,0.005357980728149414,45,28
680,10,7,161,ours,23,28,32,0.009337186813354492,41,26
681,10,7,161,ours_random,30,31,35,0.00971674919128418,45,27
682,10,7,161,ours_temp,25,28,27,0.4376108646392822,34,22
683,10,7,161,Bravyi et al. (qiskit),24,31,36,0.005399942398071289,39,27
684,11,7,161,ours,30,30,32,0.00934910774230957,39,23
685,11,7,161,ours_random,40,44,41,0.01133871078491211,63,37
686,11,7,161,ours_temp,26,32,26,0.48473429679870605,39,20
687,11,7,161,Bravyi et al. (qiskit),28,23,30,0.004961729049682617,37,21
688,12,7,161,ours,20,32,24,0.009385108947753906,30,18
689,12,7,161,ours_random,29,38,36,0.011050224304199219,56,34
690,12,7,161,ours_temp,23,39,24,0.4071798324584961,36,18
691,12,7,161,Bravyi et al. (qiskit),29,28,29,0.0043163299560546875,36,21
692,13,7,161,ours,21,28,27,0.008461952209472656,40,22
693,13,7,161,ours_random,23,30,33,0.008385896682739258,44,26
694,13,7,161,ours_temp,25,27,26,0.4383871555328369,35,22
695,13,7,161,Bravyi et al. (qiskit),25,27,34,0.005272865295410156,42,27
696,14,7,161,ours,29,39,28,0.008878469467163086,37,22
697,14,7,161,ours_random,36,41,34,0.00989985466003418,44,24
698,14,7,161,ours_temp,29,34,25,0.43073201179504395,38,21
699,14,7,161,Bravyi et al. (qiskit),24,33,27,0.005155086517333984,39,24
700,15,7,161,ours,32,31,31,0.008905410766601562,47,26
701,15,7,161,ours_random,29,31,37,0.009319067001342773,42,27
702,15,7,161,ours_temp,22,19,24,0.3874650001525879,30,17
703,15,7,161,Bravyi et al. (qiskit),26,27,32,0.004720449447631836,42,27
704,16,7,161,ours,22,31,33,0.00958704948425293,41,29
705,16,7,161,ours_random,19,20,35,0.009241819381713867,47,30
706,16,7,161,ours_temp,26,35,27,0.43451499938964844,37,19
707,16,7,161,Bravyi et al. (qiskit),27,26,34,0.005526065826416016,45,30
708,17,7,161,ours,21,30,32,0.010999917984008789,35,22
709,17,7,161,ours_random,38,35,35,0.009835481643676758,49,26
710,17,7,161,ours_temp,32,44,27,0.48958778381347656,45,20
711,17,7,161,Bravyi et al. (qiskit),24,32,29,0.005331754684448242,32,20
712,18,7,161,ours,14,24,22,0.010373115539550781,37,20
713,18,7,161,ours_random,27,26,33,0.009572267532348633,36,27
714,18,7,161,ours_temp,14,20,22,0.39286160469055176,35,21
715,18,7,161,Bravyi et al. (qiskit),14,22,23,0.004593372344970703,31,19
716,19,7,161,ours,20,25,28,0.010463714599609375,37,23
717,19,7,161,ours_random,33,33,36,0.009492874145507812,47,27
718,19,7,161,ours_temp,22,32,26,0.4239990711212158,39,22
719,19,7,161,Bravyi et al. (qiskit),25,30,30,0.005947589874267578,39,22
720,0,7,181,ours,35,31,35,0.014522075653076172,45,27
721,0,7,181,ours_random,25,25,25,0.01074838638305664,32,19
722,0,7,181,ours_temp,23,32,27,0.4717555046081543,37,19
723,0,7,181,Bravyi et al. (qiskit),26,37,30,0.006692171096801758,39,24
724,1,7,181,ours,23,31,29,0.010118484497070312,42,26
725,1,7,181,ours_random,26,40,32,0.01212000846862793,52,28
726,1,7,181,ours_temp,21,28,26,0.47423601150512695,39,22
727,1,7,181,Bravyi et al. (qiskit),28,26,32,0.006425619125366211,41,27
728,2,7,181,ours,25,29,29,0.010724306106567383,36,24
729,2,7,181,ours_random,27,21,37,0.00995016098022461,46,30
730,2,7,181,ours_temp,33,37,28,0.4831857681274414,44,23
731,2,7,181,Bravyi et al. (qiskit),19,30,28,0.004960775375366211,35,21
732,3,7,181,ours,30,44,27,0.009232044219970703,39,22
733,3,7,181,ours_random,28,28,34,0.009684562683105469,53,33
734,3,7,181,ours_temp,27,32,25,0.45302557945251465,35,22
735,3,7,181,Bravyi et al. (qiskit),21,31,30,0.004949331283569336,41,24
736,4,7,181,ours,26,28,31,0.009999752044677734,40,22
737,4,7,181,ours_random,20,36,33,0.00994873046875,47,31
738,4,7,181,ours_temp,22,24,29,0.4741222858428955,34,21
739,4,7,181,Bravyi et al. (qiskit),26,36,33,0.005250692367553711,39,28
740,5,7,181,ours,23,35,33,0.009535074234008789,50,26
741,5,7,181,ours_random,30,36,41,0.01004171371459961,55,37
742,5,7,181,ours_temp,28,37,26,0.4244236946105957,46,20
743,5,7,181,Bravyi et al. (qiskit),31,33,29,0.004916191101074219,35,23
744,6,7,181,ours,26,34,27,0.009118795394897461,44,24
745,6,7,181,ours_random,22,29,33,0.010062217712402344,45,23
746,6,7,181,ours_temp,24,34,27,0.4359757900238037,41,24
747,6,7,181,Bravyi et al. (qiskit),19,26,32,0.005972623825073242,37,25
748,7,7,181,ours,29,32,29,0.008996963500976562,36,24
749,7,7,181,ours_random,40,46,39,0.010770320892333984,57,33
750,7,7,181,ours_temp,22,27,27,0.4452521800994873,30,16
751,7,7,181,Bravyi et al. (qiskit),22,29,33,0.005387544631958008,40,25
752,8,7,181,ours,27,33,30,0.00953984260559082,39,22
753,8,7,181,ours_random,30,33,36,0.009927034378051758,44,28
754,8,7,181,ours_temp,22,29,27,0.39757823944091797,32,19
755,8,7,181,Bravyi et al. (qiskit),25,26,30,0.004839181900024414,40,23
756,9,7,181,ours,30,37,27,0.008466958999633789,34,18
757,9,7,181,ours_random,27,41,33,0.00967264175415039,50,26
758,9,7,181,ours_temp,23,32,26,0.4079415798187256,32,17
759,9,7,181,Bravyi et al. (qiskit),24,29,25,0.006066322326660156,32,18
760,10,7,181,ours,27,32,30,0.009068965911865234,39,21
761,10,7,181,ours_random,21,27,30,0.00876307487487793,41,24
762,10,7,181,ours_temp,25,32,27,0.4158341884613037,34,22
763,10,7,181,Bravyi et al. (qiskit),21,25,27,0.006465911865234375,33,19
764,11,7,181,ours,28,30,30,0.00909733772277832,47,24
765,11,7,181,ours_random,26,33,34,0.009336471557617188,43,30
766,11,7,181,ours_temp,29,41,27,0.42655467987060547,40,23
767,11,7,181,Bravyi et al. (qiskit),22,24,31,0.004485130310058594,41,26
768,12,7,181,ours,25,42,25,0.008038759231567383,46,19
769,12,7,181,ours_random,32,34,33,0.008809089660644531,46,27
770,12,7,181,ours_temp,18,33,22,0.38657522201538086,30,15
771,12,7,181,Bravyi et al. (qiskit),26,34,31,0.008040189743041992,47,24
772,13,7,181,ours,36,46,32,0.009251594543457031,49,24
773,13,7,181,ours_random,31,40,34,0.009417057037353516,50,28
774,13,7,181,ours_temp,24,28,28,0.4118075370788574,37,23
775,13,7,181,Bravyi et al. (qiskit),22,34,38,0.005316495895385742,46,28
776,14,7,181,ours,26,37,28,0.00908803939819336,45,25
777,14,7,181,ours_random,29,31,34,0.009599447250366211,42,24
778,14,7,181,ours_temp,21,28,25,0.388322114944458,39,19
779,14,7,181,Bravyi et al. (qiskit),21,26,29,0.004643678665161133,33,22
780,15,7,181,ours,23,37,34,0.009827375411987305,44,26
781,15,7,181,ours_random,33,50,31,0.009191274642944336,48,22
782,15,7,181,ours_temp,23,31,24,0.3990819454193115,38,16
783,15,7,181,Bravyi et al. (qiskit),28,26,29,0.004825115203857422,42,22
784,16,7,181,ours,20,33,29,0.00959157943725586,41,24
785,16,7,181,ours_random,27,33,30,0.009311437606811523,41,24
786,16,7,181,ours_temp,31,38,23,0.41194891929626465,38,19
787,16,7,181,Bravyi et al. (qiskit),32,29,35,0.004954099655151367,47,31
788,17,7,181,ours,23,27,35,0.010159969329833984,48,31
789,17,7,181,ours_random,24,26,33,0.009458065032958984,44,28
790,17,7,181,ours_temp,25,32,26,0.40418124198913574,36,22
791,17,7,181,Bravyi et al. (qiskit),19,24,32,0.004850625991821289,38,27
792,18,7,181,ours,22,29,29,0.009177446365356445,38,23
793,18,7,181,ours_random,36,45,32,0.009960412979125977,44,24
794,18,7,181,ours_temp,24,34,26,0.4647495746612549,39,19
795,18,7,181,Bravyi et al. (qiskit),20,27,35,0.004899740219116211,45,31
796,19,7,181,ours,28,47,31,0.00932455062866211,49,24
797,19,7,181,ours_random,28,33,35,0.009336709976196289,49,26
798,19,7,181,ours_temp,20,32,26,0.4068639278411865,44,19
799,19,7,181,Bravyi et al. (qiskit),20,31,29,0.004654884338378906,37,22
800,0,7,201,ours,35,34,34,0.009211540222167969,53,29
801,0,7,201,ours_random,34,31,36,0.009934663772583008,48,31
802,0,7,201,ours_temp,24,33,27,0.41370129585266113,42,19
803,0,7,201,Bravyi et al. (qiskit),20,26,35,0.0046389102935791016,44,26
804,1,7,201,ours,24,29,30,0.008983850479125977,45,27
805,1,7,201,ours_random,37,36,36,0.010170936584472656,51,31
806,1,7,201,ours_temp,30,36,25,0.3965418338775635,36,18
807,1,7,201,Bravyi et al. (qiskit),23,20,30,0.004841327667236328,36,23
808,2,7,201,ours,32,38,31,0.00909876823425293,45,24
809,2,7,201,ours_random,31,31,35,0.010442495346069336,52,31
810,2,7,201,ours_temp,22,39,27,0.3868134021759033,34,18
811,2,7,201,Bravyi et al. (qiskit),16,28,29,0.0049016475677490234,37,25
812,3,7,201,ours,28,40,33,0.00955963134765625,46,26
813,3,7,201,ours_random,37,36,35,0.009624004364013672,49,28
814,3,7,201,ours_temp,22,27,28,0.4187753200531006,39,21
815,3,7,201,Bravyi et al. (qiskit),25,35,34,0.004843950271606445,40,29
816,4,7,201,ours,20,31,30,0.008947610855102539,39,21
817,4,7,201,ours_random,33,47,31,0.009133338928222656,51,24
818,4,7,201,ours_temp,30,42,29,0.4054570198059082,48,21
819,4,7,201,Bravyi et al. (qiskit),24,37,33,0.0053861141204833984,38,24
820,5,7,201,ours,29,31,28,0.008445501327514648,38,20
821,5,7,201,ours_random,28,35,41,0.00957632064819336,55,35
822,5,7,201,ours_temp,24,28,27,0.3883359432220459,34,20
823,5,7,201,Bravyi et al. (qiskit),20,25,31,0.004623889923095703,41,23
824,6,7,201,ours,17,22,29,0.009273290634155273,35,21
825,6,7,201,ours_random,25,34,34,0.009007453918457031,48,30
826,6,7,201,ours_temp,22,27,27,0.37935876846313477,38,21
827,6,7,201,Bravyi et al. (qiskit),19,29,32,0.004226207733154297,39,24
828,7,7,201,ours,30,35,30,0.008638381958007812,45,27
829,7,7,201,ours_random,30,29,32,0.00850224494934082,39,28
830,7,7,201,ours_temp,25,30,24,0.3712446689605713,31,19
831,7,7,201,Bravyi et al. (qiskit),24,35,22,0.00508427619934082,33,16
832,8,7,201,ours,24,30,30,0.008432149887084961,37,21
833,8,7,201,ours_random,28,35,37,0.008889436721801758,51,29
834,8,7,201,ours_temp,24,35,28,0.3832082748413086,35,21
835,8,7,201,Bravyi et al. (qiskit),24,35,28,0.004487514495849609,37,21
836,9,7,201,ours,35,33,31,0.009066343307495117,42,26
837,9,7,201,ours_random,25,27,31,0.008856058120727539,43,25
838,9,7,201,ours_temp,25,35,24,0.3835928440093994,38,18
839,9,7,201,Bravyi et al. (qiskit),24,37,30,0.005623817443847656,39,22
840,10,7,201,ours,32,44,34,0.009543180465698242,54,27
841,10,7,201,ours_random,34,22,29,0.008676528930664062,40,22
842,10,7,201,ours_temp,35,37,28,0.3982102870941162,46,22
843,10,7,201,Bravyi et al. (qiskit),25,31,34,0.004536628723144531,45,27
844,11,7,201,ours,23,27,27,0.008222103118896484,38,23
845,11,7,201,ours_random,26,35,37,0.009648561477661133,46,27
846,11,7,201,ours_temp,23,27,27,0.3921937942504883,38,23
847,11,7,201,Bravyi et al. (qiskit),26,25,38,0.0049932003021240234,42,27
848,12,7,201,ours,32,39,30,0.008898258209228516,46,27
849,12,7,201,ours_random,26,30,33,0.009058475494384766,42,26
850,12,7,201,ours_temp,24,34,29,0.3799610137939453,40,24
851,12,7,201,Bravyi et al. (qiskit),19,29,38,0.004414558410644531,46,32
852,13,7,201,ours,31,35,26,0.008650541305541992,43,21
853,13,7,201,ours_random,28,35,40,0.010089874267578125,51,35
854,13,7,201,ours_temp,32,35,25,0.3860445022583008,40,20
855,13,7,201,Bravyi et al. (qiskit),22,30,34,0.00475621223449707,46,28
856,14,7,201,ours,20,23,30,0.008288145065307617,37,23
857,14,7,201,ours_random,23,29,32,0.008933544158935547,45,26
858,14,7,201,ours_temp,21,27,25,0.3752896785736084,37,20
859,14,7,201,Bravyi et al. (qiskit),28,23,30,0.004635810852050781,38,22
860,15,7,201,ours,17,29,23,0.008903026580810547,36,19
861,15,7,201,ours_random,24,35,30,0.008853435516357422,45,24
862,15,7,201,ours_temp,16,25,22,0.3783743381500244,29,18
863,15,7,201,Bravyi et al. (qiskit),22,30,41,0.0050585269927978516,46,33
864,16,7,201,ours,26,36,34,0.00885629653930664,49,25
865,16,7,201,ours_random,26,36,37,0.009234428405761719,42,28
866,16,7,201,ours_temp,23,36,26,0.37712550163269043,37,18
867,16,7,201,Bravyi et al. (qiskit),20,31,34,0.005518674850463867,41,26
868,17,7,201,ours,18,22,29,0.008214712142944336,35,22
869,17,7,201,ours_random,31,30,33,0.009312152862548828,37,24
870,17,7,201,ours_temp,22,26,26,0.38923215866088867,34,19
871,17,7,201,Bravyi et al. (qiskit),20,26,30,0.004930734634399414,44,26
872,18,7,201,ours,26,38,31,0.009351491928100586,41,25
873,18,7,201,ours_random,26,40,35,0.010207176208496094,51,28
874,18,7,201,ours_temp,38,43,28,0.41677379608154297,43,20
875,18,7,201,Bravyi et al. (qiskit),27,32,30,0.005441904067993164,39,24
876,19,7,201,ours,27,28,33,0.009477853775024414,42,27
877,19,7,201,ours_random,34,42,29,0.008728265762329102,40,21
878,19,7,201,ours_temp,24,36,27,0.4797806739807129,42,23
879,19,7,201,Bravyi et al. (qiskit),32,34,41,0.0053768157958984375,49,28
880,0,7,221,ours,23,30,28,0.008921146392822266,45,23
881,0,7,221,ours_random,28,34,35,0.010175943374633789,42,27
882,0,7,221,ours_temp,25,29,25,0.3921053409576416,32,18
883,0,7,221,Bravyi et al. (qiskit),23,23,32,0.004520893096923828,39,27
884,1,7,221,ours,24,32,23,0.008302450180053711,34,20
885,1,7,221,ours_random,22,21,32,0.008891820907592773,38,25
886,1,7,221,ours_temp,30,38,23,0.38141798973083496,39,20
887,1,7,221,Bravyi et al. (qiskit),19,17,29,0.004913330078125,38,24
888,2,7,221,ours,22,27,40,0.009873151779174805,51,36
889,2,7,221,ours_random,23,26,33,0.008861541748046875,44,27
890,2,7,221,ours_temp,22,33,24,0.40585803985595703,35,18
891,2,7,221,Bravyi et al. (qiskit),31,25,34,0.005341291427612305,46,26
892,3,7,221,ours,21,31,25,0.008635997772216797,43,22
893,3,7,221,ours_random,34,45,39,0.00977778434753418,59,35
894,3,7,221,ours_temp,26,28,23,0.3811523914337158,40,17
895,3,7,221,Bravyi et al. (qiskit),22,34,35,0.004938840866088867,46,28
896,4,7,221,ours,25,37,35,0.009213685989379883,47,30
897,4,7,221,ours_random,34,38,29,0.008461713790893555,44,25
898,4,7,221,ours_temp,25,27,29,0.40405726432800293,42,22
899,4,7,221,Bravyi et al. (qiskit),24,37,27,0.004636526107788086,43,21
900,5,7,221,ours,24,27,31,0.008679866790771484,42,24
901,5,7,221,ours_random,25,42,35,0.009235382080078125,47,28
902,5,7,221,ours_temp,25,35,24,0.3870506286621094,39,16
903,5,7,221,Bravyi et al. (qiskit),24,28,31,0.005162239074707031,40,25
904,6,7,221,ours,29,39,27,0.00859832763671875,36,19
905,6,7,221,ours_random,29,35,34,0.010277986526489258,47,29
906,6,7,221,ours_temp,29,39,27,0.40530848503112793,36,19
907,6,7,221,Bravyi et al. (qiskit),26,35,38,0.0054285526275634766,43,30
908,7,7,221,ours,30,41,29,0.008920431137084961,44,25
909,7,7,221,ours_random,34,42,38,0.009746789932250977,51,32
910,7,7,221,ours_temp,17,24,28,0.39451026916503906,39,19
911,7,7,221,Bravyi et al. (qiskit),25,29,36,0.00494074821472168,41,26
912,8,7,221,ours,28,36,28,0.009313344955444336,46,21
913,8,7,221,ours_random,27,33,36,0.01010441780090332,47,29
914,8,7,221,ours_temp,24,30,25,0.39030027389526367,31,17
915,8,7,221,Bravyi et al. (qiskit),25,35,31,0.004858255386352539,40,24
916,9,7,221,ours,21,22,28,0.00939631462097168,35,21
917,9,7,221,ours_random,27,43,34,0.009413957595825195,49,28
918,9,7,221,ours_temp,25,28,25,0.3923659324645996,35,17
919,9,7,221,Bravyi et al. (qiskit),22,29,30,0.004601716995239258,41,23
920,10,7,221,ours,30,26,29,0.009002447128295898,41,22
921,10,7,221,ours_random,32,35,34,0.010387182235717773,48,27
922,10,7,221,ours_temp,27,42,25,0.3736076354980469,44,19
923,10,7,221,Bravyi et al. (qiskit),22,24,29,0.0047473907470703125,32,23
924,11,7,221,ours,33,37,33,0.009178400039672852,43,24
925,11,7,221,ours_random,27,38,34,0.009801387786865234,48,25
926,11,7,221,ours_temp,30,40,25,0.38187289237976074,36,16
927,11,7,221,Bravyi et al. (qiskit),21,36,30,0.004759550094604492,44,23
928,12,7,221,ours,24,27,28,0.009113550186157227,38,23
929,12,7,221,ours_random,27,39,30,0.008803129196166992,44,21
930,12,7,221,ours_temp,22,34,25,0.3592851161956787,38,20
931,12,7,221,Bravyi et al. (qiskit),26,33,26,0.004652500152587891,38,22
932,13,7,221,ours,28,39,29,0.01016855239868164,43,24
933,13,7,221,ours_random,25,33,30,0.00887155532836914,47,22
934,13,7,221,ours_temp,22,31,23,0.3664700984954834,37,17
935,13,7,221,Bravyi et al. (qiskit),27,30,30,0.005004405975341797,39,22
936,14,7,221,ours,28,36,31,0.00880289077758789,48,25
937,14,7,221,ours_random,32,46,29,0.008837223052978516,47,24
938,14,7,221,ours_temp,25,42,25,0.3936188220977783,40,17
939,14,7,221,Bravyi et al. (qiskit),31,43,33,0.005499124526977539,45,25
940,15,7,221,ours,25,27,30,0.008420467376708984,45,27
941,15,7,221,ours_random,29,34,29,0.008464336395263672,43,22
942,15,7,221,ours_temp,27,37,24,0.3822212219238281,40,15
943,15,7,221,Bravyi et al. (qiskit),24,27,38,0.006577014923095703,48,32
944,16,7,221,ours,15,20,35,0.008609533309936523,37,29
945,16,7,221,ours_random,33,43,33,0.009244203567504883,47,29
946,16,7,221,ours_temp,26,39,28,0.38915133476257324,40,19
947,16,7,221,Bravyi et al. (qiskit),17,29,30,0.0050334930419921875,36,26
948,17,7,221,ours,34,26,35,0.008899211883544922,43,28
949,17,7,221,ours_random,38,40,34,0.009626388549804688,49,24
950,17,7,221,ours_temp,24,39,27,0.38729166984558105,39,19
951,17,7,221,Bravyi et al. (qiskit),26,32,31,0.005076169967651367,40,24
952,18,7,221,ours,20,30,27,0.008185863494873047,37,22
953,18,7,221,ours_random,27,33,35,0.008960962295532227,48,30
954,18,7,221,ours_temp,26,36,26,0.37726426124572754,43,21
955,18,7,221,Bravyi et al. (qiskit),26,27,37,0.004789113998413086,46,31
956,19,7,221,ours,30,36,28,0.008448600769042969,42,23
957,19,7,221,ours_random,24,25,29,0.008872747421264648,42,24
958,19,7,221,ours_temp,34,46,24,0.37346458435058594,43,19
959,19,7,221,Bravyi et al. (qiskit),22,28,31,0.00463104248046875,38,22
960,0,7,241,ours,18,35,31,0.009093523025512695,41,23
961,0,7,241,ours_random,20,22,34,0.009220361709594727,34,27
962,0,7,241,ours_temp,26,30,29,0.4652392864227295,48,26
963,0,7,241,Bravyi et al. (qiskit),24,23,35,0.005205392837524414,40,29
964,1,7,241,ours,26,32,30,0.008839607238769531,44,25
965,1,7,241,ours_random,31,39,29,0.008864879608154297,47,21
966,1,7,241,ours_temp,27,29,23,0.3901841640472412,28,17
967,1,7,241,Bravyi et al. (qiskit),21,32,25,0.0050487518310546875,35,20
968,2,7,241,ours,23,22,28,0.00892949104309082,30,22
969,2,7,241,ours_random,27,37,38,0.00979757308959961,47,32
970,2,7,241,ours_temp,22,33,26,0.38820958137512207,43,20
971,2,7,241,Bravyi et al. (qiskit),27,28,32,0.0051958560943603516,41,29
972,3,7,241,ours,34,29,32,0.009210824966430664,44,23
973,3,7,241,ours_random,25,38,33,0.009327411651611328,46,25
974,3,7,241,ours_temp,26,37,27,0.396090030670166,40,20
975,3,7,241,Bravyi et al. (qiskit),21,29,30,0.005143404006958008,40,23
976,4,7,241,ours,34,37,27,0.008812665939331055,45,23
977,4,7,241,ours_random,32,34,33,0.009366512298583984,54,27
978,4,7,241,ours_temp,31,39,27,0.400435209274292,44,23
979,4,7,241,Bravyi et al. (qiskit),22,28,27,0.004384517669677734,32,20
980,5,7,241,ours,26,29,28,0.00830078125,35,22
981,5,7,241,ours_random,25,39,35,0.009402036666870117,49,29
982,5,7,241,ours_temp,26,29,28,0.4002084732055664,35,22
983,5,7,241,Bravyi et al. (qiskit),24,28,31,0.005261659622192383,41,24
984,6,7,241,ours,31,38,31,0.009164094924926758,44,22
985,6,7,241,ours_random,35,35,32,0.009376764297485352,45,26
986,6,7,241,ours_temp,18,22,27,0.4075279235839844,36,20
987,6,7,241,Bravyi et al. (qiskit),25,27,36,0.004904031753540039,49,30
988,7,7,241,ours,25,40,28,0.008906126022338867,38,18
989,7,7,241,ours_random,26,31,34,0.009161710739135742,39,26
990,7,7,241,ours_temp,28,33,25,0.39378929138183594,37,19
991,7,7,241,Bravyi et al. (qiskit),20,33,30,0.005042552947998047,40,25
992,8,7,241,ours,20,23,28,0.008646726608276367,33,18
993,8,7,241,ours_random,19,33,32,0.008903741836547852,43,23
994,8,7,241,ours_temp,20,23,28,0.3790435791015625,33,18
995,8,7,241,Bravyi et al. (qiskit),23,28,36,0.0048580169677734375,45,29
996,9,7,241,ours,27,35,32,0.009568452835083008,44,20
997,9,7,241,ours_random,31,36,40,0.010080814361572266,53,35
998,9,7,241,ours_temp,29,38,28,0.4015228748321533,42,19
999,9,7,241,Bravyi et al. (qiskit),19,28,37,0.004814863204956055,41,24
1000,10,7,241,ours,21,33,29,0.008586645126342773,44,23
1001,10,7,241,ours_random,30,39,39,0.010459423065185547,53,33
1002,10,7,241,ours_temp,18,39,26,0.37775254249572754,43,23
1003,10,7,241,Bravyi et al. (qiskit),16,23,29,0.00515437126159668,33,26
1004,11,7,241,ours,25,36,35,0.01059865951538086,50,28
1005,11,7,241,ours_random,28,40,34,0.00935673713684082,43,27
1006,11,7,241,ours_temp,24,27,25,0.4297640323638916,30,16
1007,11,7,241,Bravyi et al. (qiskit),20,31,27,0.0050182342529296875,43,23
1008,12,7,241,ours,19,25,27,0.008561134338378906,27,21
1009,12,7,241,ours_random,15,25,30,0.008356094360351562,39,25
1010,12,7,241,ours_temp,19,23,27,0.37391209602355957,34,21
1011,12,7,241,Bravyi et al. (qiskit),20,28,33,0.004262447357177734,38,28
1012,13,7,241,ours,34,44,35,0.009642839431762695,46,29
1013,13,7,241,ours_random,27,29,35,0.009048700332641602,49,32
1014,13,7,241,ours_temp,19,28,30,0.4091649055480957,36,24
1015,13,7,241,Bravyi et al. (qiskit),23,28,34,0.004918813705444336,41,26
1016,14,7,241,ours,27,32,34,0.009202003479003906,36,23
1017,14,7,241,ours_random,24,28,30,0.009657859802246094,41,24
1018,14,7,241,ours_temp,24,33,27,0.37879514694213867,36,21
1019,14,7,241,Bravyi et al. (qiskit),23,33,31,0.004910469055175781,40,24
1020,15,7,241,ours,21,23,28,0.008820056915283203,36,24
1021,15,7,241,ours_random,32,35,33,0.008956670761108398,38,25
1022,15,7,241,ours_temp,30,25,27,0.39026498794555664,36,20
1023,15,7,241,Bravyi et al. (qiskit),26,27,31,0.0047130584716796875,38,25
1024,16,7,241,ours,24,28,31,0.008922576904296875,44,23
1025,16,7,241,ours_random,33,31,36,0.009380340576171875,52,31
1026,16,7,241,ours_temp,30,27,27,0.3990650177001953,41,23
1027,16,7,241,Bravyi et al. (qiskit),22,28,39,0.004604816436767578,46,29
1028,17,7,241,ours,29,26,35,0.009013891220092773,49,30
1029,17,7,241,ours_random,36,39,36,0.009000539779663086,46,25
1030,17,7,241,ours_temp,24,26,25,0.38677287101745605,32,18
1031,17,7,241,Bravyi et al. (qiskit),24,30,32,0.00460362434387207,43,25
1032,18,7,241,ours,26,29,29,0.008703470230102539,40,20
1033,18,7,241,ours_random,33,31,34,0.009073495864868164,44,27
1034,18,7,241,ours_temp,23,30,25,0.374981164932251,37,19
1035,18,7,241,Bravyi et al. (qiskit),29,31,31,0.005126476287841797,45,27
1036,19,7,241,ours,21,32,28,0.00905299186706543,32,17
1037,19,7,241,ours_random,34,35,36,0.009352684020996094,48,30
1038,19,7,241,ours_temp,25,40,26,0.3911421298980713,41,20
1039,19,7,241,Bravyi et al. (qiskit),18,18,35,0.004724740982055664,41,27
1040,0,7,261,ours,18,25,27,0.009574413299560547,36,21
1041,0,7,261,ours_random,28,32,34,0.009847640991210938,43,28
1042,0,7,261,ours_temp,20,26,28,0.3912785053253174,37,22
1043,0,7,261,Bravyi et al. (qiskit),16,31,32,0.0048296451568603516,44,28
1044,1,7,261,ours,27,34,27,0.008931398391723633,43,22
1045,1,7,261,ours_random,27,29,28,0.008591890335083008,41,20
1046,1,7,261,ours_temp,29,38,26,0.44982290267944336,42,19
1047,1,7,261,Bravyi et al. (qiskit),25,27,24,0.004376649856567383,30,18
1048,2,7,261,ours,19,20,31,0.008454322814941406,42,25
1049,2,7,261,ours_random,22,26,38,0.010352611541748047,46,32
1050,2,7,261,ours_temp,27,26,25,0.36464476585388184,41,20
1051,2,7,261,Bravyi et al. (qiskit),24,33,29,0.0050356388092041016,47,25
1052,3,7,261,ours,21,32,33,0.008598566055297852,38,28
1053,3,7,261,ours_random,30,32,34,0.010280370712280273,49,27
1054,3,7,261,ours_temp,23,31,28,0.38771986961364746,39,25
1055,3,7,261,Bravyi et al. (qiskit),18,22,36,0.0046269893646240234,41,31
1056,4,7,261,ours,30,33,28,0.00859689712524414,41,21
1057,4,7,261,ours_random,32,40,37,0.009070396423339844,53,31
1058,4,7,261,ours_temp,29,39,23,0.38456201553344727,35,19
1059,4,7,261,Bravyi et al. (qiskit),28,37,33,0.007180690765380859,44,27
1060,5,7,261,ours,28,34,24,0.008765697479248047,40,18
1061,5,7,261,ours_random,39,30,35,0.010612726211547852,45,26
1062,5,7,261,ours_temp,28,34,24,0.40189123153686523,40,18
1063,5,7,261,Bravyi et al. (qiskit),23,27,34,0.005196809768676758,40,27
1064,6,7,261,ours,29,35,26,0.008622169494628906,43,19
1065,6,7,261,ours_random,24,40,28,0.008538246154785156,37,21
1066,6,7,261,ours_temp,26,33,26,0.40172505378723145,37,18
1067,6,7,261,Bravyi et al. (qiskit),25,21,31,0.004665851593017578,37,25
1068,7,7,261,ours,23,28,33,0.009235620498657227,43,29
1069,7,7,261,ours_random,22,29,36,0.009028434753417969,41,25
1070,7,7,261,ours_temp,24,31,28,0.3946070671081543,37,22
1071,7,7,261,Bravyi et al. (qiskit),25,39,29,0.005034685134887695,43,24
1072,8,7,261,ours,32,32,32,0.008749723434448242,50,29
1073,8,7,261,ours_random,25,30,31,0.009655475616455078,40,24
1074,8,7,261,ours_temp,25,32,26,0.38971734046936035,40,24
1075,8,7,261,Bravyi et al. (qiskit),30,30,33,0.0051116943359375,41,22
1076,9,7,261,ours,28,36,31,0.008573293685913086,45,26
1077,9,7,261,ours_random,35,46,35,0.009262561798095703,53,30
1078,9,7,261,ours_temp,26,32,28,0.39490365982055664,45,24
1079,9,7,261,Bravyi et al. (qiskit),25,21,36,0.004780292510986328,44,28
1080,10,7,261,ours,27,36,31,0.008792400360107422,48,23
1081,10,7,261,ours_random,38,41,34,0.009644031524658203,51,31
1082,10,7,261,ours_temp,29,33,28,0.39949893951416016,38,20
1083,10,7,261,Bravyi et al. (qiskit),34,41,31,0.004657745361328125,47,27
1084,11,7,261,ours,31,36,34,0.00940251350402832,49,27
1085,11,7,261,ours_random,29,36,33,0.008930206298828125,45,27
1086,11,7,261,ours_temp,34,33,27,0.4036266803741455,43,21
1087,11,7,261,Bravyi et al. (qiskit),25,23,30,0.004369974136352539,39,25
1088,12,7,261,ours,25,33,30,0.008639812469482422,41,24
1089,12,7,261,ours_random,33,26,36,0.009294986724853516,46,28
1090,12,7,261,ours_temp,33,38,29,0.38724637031555176,45,22
1091,12,7,261,Bravyi et al. (qiskit),31,31,36,0.005137920379638672,44,27
1092,13,7,261,ours,25,33,30,0.009168386459350586,42,27
1093,13,7,261,ours_random,30,33,37,0.010396003723144531,47,30
1094,13,7,261,ours_temp,24,30,24,0.3793315887451172,36,17
1095,13,7,261,Bravyi et al. (qiskit),19,29,33,0.004880666732788086,41,30
1096,14,7,261,ours,34,39,28,0.008858680725097656,43,21
1097,14,7,261,ours_random,28,29,28,0.008450746536254883,40,23
1098,14,7,261,ours_temp,28,39,25,0.37759995460510254,39,19
1099,14,7,261,Bravyi et al. (qiskit),28,28,37,0.005146503448486328,44,29
1100,15,7,261,ours,23,35,30,0.008681535720825195,39,21
1101,15,7,261,ours_random,26,35,34,0.009116888046264648,51,27
1102,15,7,261,ours_temp,23,35,30,0.38399529457092285,39,21
1103,15,7,261,Bravyi et al. (qiskit),23,22,38,0.004484415054321289,46,35
1104,16,7,261,ours,21,29,30,0.008742570877075195,39,23
1105,16,7,261,ours_random,24,25,32,0.009810209274291992,43,25
1106,16,7,261,ours_temp,25,37,27,0.4016106128692627,37,18
1107,16,7,261,Bravyi et al. (qiskit),23,31,31,0.004693031311035156,44,28
1108,17,7,261,ours,29,30,26,0.009497880935668945,37,20
1109,17,7,261,ours_random,28,21,33,0.00920414924621582,36,25
1110,17,7,261,ours_temp,30,36,24,0.38248324394226074,37,19
1111,17,7,261,Bravyi et al. (qiskit),24,28,30,0.004704952239990234,39,25
1112,18,7,261,ours,24,35,29,0.008238077163696289,44,20
1113,18,7,261,ours_random,23,32,28,0.008283853530883789,40,21
1114,18,7,261,ours_temp,23,31,28,0.3827347755432129,40,20
1115,18,7,261,Bravyi et al. (qiskit),22,29,35,0.004769086837768555,48,31
1116,19,7,261,ours,24,30,33,0.009144306182861328,47,31
1117,19,7,261,ours_random,21,29,32,0.009316205978393555,40,25
1118,19,7,261,ours_temp,29,27,28,0.39626288414001465,35,21
1119,19,7,261,Bravyi et al. (qiskit),23,20,39,0.005119800567626953,50,32
1120,0,7,281,ours,24,26,25,0.008626699447631836,31,19
1121,0,7,281,ours_random,26,31,31,0.00880122184753418,37,23
1122,0,7,281,ours_temp,27,28,23,0.3922755718231201,36,17
1123,0,7,281,Bravyi et al. (qiskit),25,27,27,0.005316257476806641,32,19
1124,1,7,281,ours,33,37,33,0.009061813354492188,48,30
1125,1,7,281,ours_random,35,33,36,0.01073455810546875,51,33
1126,1,7,281,ours_temp,26,33,26,0.4082984924316406,38,24
1127,1,7,281,Bravyi et al. (qiskit),26,27,34,0.004819631576538086,41,29
1128,2,7,281,ours,15,24,32,0.008860588073730469,41,25
1129,2,7,281,ours_random,27,44,35,0.009656667709350586,46,24
1130,2,7,281,ours_temp,24,28,29,0.4720304012298584,42,24
1131,2,7,281,Bravyi et al. (qiskit),26,19,33,0.004723787307739258,38,27
1132,3,7,281,ours,18,33,28,0.008315801620483398,44,24
1133,3,7,281,ours_random,27,35,32,0.008730411529541016,45,26
1134,3,7,281,ours_temp,31,38,25,0.372647762298584,41,20
1135,3,7,281,Bravyi et al. (qiskit),23,30,31,0.004659414291381836,42,25
1136,4,7,281,ours,22,31,31,0.00870060920715332,37,23
1137,4,7,281,ours_random,31,34,34,0.009033918380737305,45,27
1138,4,7,281,ours_temp,22,30,27,0.3860008716583252,30,19
1139,4,7,281,Bravyi et al. (qiskit),23,31,32,0.004498958587646484,40,27
1140,5,7,281,ours,30,34,36,0.00932455062866211,41,27
1141,5,7,281,ours_random,29,30,37,0.00969076156616211,45,29
1142,5,7,281,ours_temp,17,23,29,0.40595579147338867,39,22
1143,5,7,281,Bravyi et al. (qiskit),23,26,32,0.0052947998046875,42,28
1144,6,7,281,ours,25,28,30,0.009605884552001953,42,28
1145,6,7,281,ours_random,29,37,34,0.010027170181274414,51,29
1146,6,7,281,ours_temp,29,36,28,0.40023016929626465,48,25
1147,6,7,281,Bravyi et al. (qiskit),22,30,31,0.005345821380615234,36,25
1148,7,7,281,ours,30,38,36,0.009598970413208008,56,32
1149,7,7,281,ours_random,30,34,36,0.00911092758178711,54,28
1150,7,7,281,ours_temp,28,34,27,0.375394344329834,31,16
1151,7,7,281,Bravyi et al. (qiskit),24,31,30,0.00447845458984375,42,28
1152,8,7,281,ours,30,33,34,0.00920248031616211,47,27
1153,8,7,281,ours_random,27,32,33,0.008665800094604492,45,27
1154,8,7,281,ours_temp,21,28,29,0.39064741134643555,43,23
1155,8,7,281,Bravyi et al. (qiskit),19,21,32,0.00506138801574707,38,20
1156,9,7,281,ours,23,31,27,0.008779287338256836,43,21
1157,9,7,281,ours_random,25,33,37,0.009033918380737305,46,30
1158,9,7,281,ours_temp,27,31,23,0.37383580207824707,33,19
1159,9,7,281,Bravyi et al. (qiskit),15,18,24,0.004529237747192383,35,22
1160,10,7,281,ours,25,26,31,0.008871078491210938,43,22
1161,10,7,281,ours_random,28,34,33,0.009825706481933594,45,25
1162,10,7,281,ours_temp,28,32,28,0.3950209617614746,42,21
1163,10,7,281,Bravyi et al. (qiskit),27,24,35,0.005895376205444336,42,26
1164,11,7,281,ours,29,35,28,0.008688688278198242,42,24
1165,11,7,281,ours_random,26,30,36,0.009445667266845703,48,31
1166,11,7,281,ours_temp,19,26,25,0.4116523265838623,34,23
1167,11,7,281,Bravyi et al. (qiskit),22,34,29,0.0054776668548583984,38,24
1168,12,7,281,ours,26,33,29,0.009376764297485352,35,19
1169,12,7,281,ours_random,34,34,32,0.010691165924072266,45,30
1170,12,7,281,ours_temp,26,35,27,0.41271328926086426,37,24
1171,12,7,281,Bravyi et al. (qiskit),29,24,33,0.004487276077270508,41,25
1172,13,7,281,ours,26,28,29,0.009072303771972656,34,19
1173,13,7,281,ours_random,23,30,34,0.009212493896484375,46,28
1174,13,7,281,ours_temp,25,32,24,0.38843607902526855,36,21
1175,13,7,281,Bravyi et al. (qiskit),27,33,28,0.00520777702331543,35,21
1176,14,7,281,ours,24,32,32,0.009165287017822266,42,28
1177,14,7,281,ours_random,27,31,29,0.008920431137084961,45,24
1178,14,7,281,ours_temp,26,26,25,0.3883628845214844,39,20
1179,14,7,281,Bravyi et al. (qiskit),26,29,35,0.005210399627685547,41,25
1180,15,7,281,ours,27,36,28,0.008950948715209961,46,23
1181,15,7,281,ours_random,27,35,31,0.009067296981811523,39,22
1182,15,7,281,ours_temp,22,30,25,0.37465333938598633,37,18
1183,15,7,281,Bravyi et al. (qiskit),23,35,30,0.005122661590576172,40,24
1184,16,7,281,ours,30,27,28,0.008511066436767578,44,24
1185,16,7,281,ours_random,26,24,37,0.00906825065612793,43,34
1186,16,7,281,ours_temp,24,24,25,0.38151001930236816,33,19
1187,16,7,281,Bravyi et al. (qiskit),23,27,32,0.005602598190307617,43,30
1188,17,7,281,ours,26,33,28,0.008665084838867188,45,25
1189,17,7,281,ours_random,34,35,41,0.010556459426879883,57,37
1190,17,7,281,ours_temp,22,33,21,0.37128162384033203,36,19
1191,17,7,281,Bravyi et al. (qiskit),29,33,31,0.004444599151611328,46,26
1192,18,7,281,ours,25,33,30,0.009646177291870117,44,21
1193,18,7,281,ours_random,22,25,36,0.009544610977172852,46,27
1194,18,7,281,ours_temp,30,34,25,0.38114356994628906,42,19
1195,18,7,281,Bravyi et al. (qiskit),26,26,35,0.0045855045318603516,45,31
1196,19,7,281,ours,26,29,34,0.008574724197387695,46,26
1197,19,7,281,ours_random,33,34,40,0.009629249572753906,52,32
1198,19,7,281,ours_temp,18,28,28,0.37563204765319824,36,22
1199,19,7,281,Bravyi et al. (qiskit),24,22,33,0.0042803287506103516,40,25
